id,name,summary,listing_url,picture_url,host_id,neighbourhood,street,zipcode,latitude,longitude,room_type,amenities,price,extra_people,minimum_nights,calculated_host_listings_count,availability_365
9835,Beautiful Room & House,No summary,https://www.airbnb.com/rooms/9835,https://a0.muscache.com/im/pictures/44620/5a5815c6_original.jpg?aki_policy=large,33057,Manningham,"Bulleen, Victoria, Australia",3105,-37.77268,145.09213,Private room,"{Internet,Wifi,""Pets live on this property"",Dog(s)}",61,$22.00 ,1,1,365
10803,Room in Cool Deco Apartment in Brunswick East,"A large air conditioned room with queen spring mattress bed in a vintage apartment. Located right outside is a tram to the city just 19 minutes away. This area is known for its arts culture, live music, cafes and international food.",https://www.airbnb.com/rooms/10803,https://a0.muscache.com/im/pictures/31323790/90b6ac18_original.jpg?aki_policy=large,38901,Moreland,"Brunswick East, Victoria, Australia",3057,-37.76651,144.98074,Private room,"{TV,Internet,Wifi,""Air conditioning"",Kitchen,Heating,""Family/kid friendly"",Washer,""Smoke detector"",""First aid kit"",""Fire extinguisher"",Essentials,Shampoo,""Lock on bedroom door"",""24-hour check-in"",""Hair dryer"",Iron,""Laptop friendly workspace"",""translation missing: en.hosting_amenity_49"",""Private entrance"",""Hot water"",Microwave,""Coffee maker"",Refrigerator,""Dishes and silverware"",""Cooking basics"",Oven,Stove,""Garden or backyard"",""Luggage dropoff allowed"",""Long term stays allowed"",Other}",35,$15.00 ,3,1,194
12936,St Kilda 1BR+BEACHSIDE+BALCONY+GARAGE+WIFI+AC,"RIGHT IN THE HEART OF ST KILDA! It doesn't get more central than this! A fabulous north facing balcony apartment that offers right in the heart of the action location, yet a quiet spot with balcony views and only minutes to cafes, restaurants, shopping, grocery stores, supermarkets, St Kilda Beach, Albert Park Lake, home of the Grand Prix and trams into Melbourne City Centre right on your doorstep. The perfect base for your Melbourne adventure!",https://www.airbnb.com/rooms/12936,https://a0.muscache.com/im/pictures/59701/2e8cdaf3_original.jpg?aki_policy=large,50121,Port Phillip,"St Kilda, Victoria, Australia",3182,-37.85976,144.97737,Entire home/apt,"{TV,Internet,Wifi,""Air conditioning"",Kitchen,""Free parking on premises"",Elevator,""Buzzer/wireless intercom"",Heating,""Family/kid friendly"",Washer,Dryer,""Smoke detector"",""First aid kit"",""Fire extinguisher"",Essentials,Shampoo,""24-hour check-in"",Hangers,""Hair dryer"",Iron,""Laptop friendly workspace"",""Self check-in"",Lockbox,""Hot water"",""Bed linens"",""Extra pillows and blankets"",Microwave,""Coffee maker"",Refrigerator,Dishwasher,""Dishes and silverware"",""Cooking basics"",Oven,Stove,""Patio or balcony"",""Long term stays allowed""}",159,$0.00 ,2,17,82
15246,Large private room-close to city,"Comfortable, relaxed house, a home away from  home! This is a shared house, you will be sharing with me, plus the occasional other guest. Rooms are large so you will have plenty of private space.",https://www.airbnb.com/rooms/15246,https://a0.muscache.com/im/pictures/0a96c6f9-1f8d-435e-969f-c38874b8ddad.jpg?aki_policy=large,59786,Darebin,"Thornbury, Victoria, Australia",3071,-37.75897,144.98923,Private room,"{TV,Internet,Wifi,Kitchen,""Free parking on premises"",Breakfast,Heating,Washer,""Smoke detector"",""First aid kit"",""Fire extinguisher"",Essentials,Shampoo,Hangers,""Hair dryer"",Iron,""Laptop friendly workspace"",""translation missing: en.hosting_amenity_49""}",50,$20.00 ,2,3,0
16760,Melbourne BnB near City & Sports,No summary,https://www.airbnb.com/rooms/16760,https://a0.muscache.com/im/pictures/509974/5a9cf3d5_original.jpg?aki_policy=large,65090,Port Phillip,"St Kilda East, Victoria, Australia",3183,-37.86453,144.99224,Private room,"{Internet,Wifi,Heating,Washer,""Smoke detector"",""Carbon monoxide detector"",Essentials,Shampoo,Hangers,Iron,""Bed linens"",""Extra pillows and blankets"",""Luggage dropoff allowed""}",69,$20.00 ,1,1,274
38271,Melbourne - Old Trafford Apartment,Please note: No booking will be accepted with children under the age of 13 years.  Accommodation is non smoking in apartment & on grounds.  All visitors must be announced during your stay before entering the property.,https://www.airbnb.com/rooms/38271,https://a0.muscache.com/im/pictures/1182791/3bf4beab_original.jpg?aki_policy=large,164193,Casey,"Berwick, Victoria, Australia",3806,-38.05725,145.33936,Entire home/apt,"{TV,Internet,Wifi,""Air conditioning"",Pool,Kitchen,""Free parking on premises"",Breakfast,""Pets live on this property"",Cat(s),Heating,Washer,Dryer,""Smoke detector"",""Fire extinguisher"",Essentials,Shampoo,Hangers,""Hair dryer"",Iron,""Laptop friendly workspace"",""translation missing: en.hosting_amenity_49"",""translation missing: en.hosting_amenity_50"",Bathtub,""Hot water"",""Host greets you""}",99,$30.00 ,1,1,353
41836,CLOSE TO CITY & MELBOURNE AIRPORT,Easy to travel from and to the Airport; quiet and safe neighbourhood; a spacious and sunny room; backyard for sun baking; a friendly host who are easy going and super friendly! I would like to make your journey more comfortable!,https://www.airbnb.com/rooms/41836,https://a0.muscache.com/im/pictures/569696dd-1ad0-4646-bd87-30aa4cc4d2c0.jpg?aki_policy=large,182833,Darebin,"Reservoir, Victoria, Australia",3073,-37.69729,145.00082,Private room,"{TV,Internet,Wifi,""Air conditioning"",Kitchen,""Free parking on premises"",""Smoking allowed"",Heating,""Family/kid friendly"",Washer,""Smoke detector"",Essentials,Shampoo,""24-hour check-in"",Hangers,""Hair dryer"",""Host greets you""}",50,$20.00 ,7,3,0
43414,Home In The City,No summary,https://www.airbnb.com/rooms/43414,https://a0.muscache.com/im/pictures/a50d7057-1523-4389-b6a0-2f20e6dc7733.jpg?aki_policy=large,189682,Melbourne,"East Melbourne, Victoria, Australia",3002,-37.81027,144.98592,Private room,"{TV,Pool,Kitchen,Gym,Elevator,Heating,Washer,Dryer,""Smoke detector"",""First aid kit"",Essentials,Shampoo,Hangers,""Hair dryer"",Iron,""Laptop friendly workspace"",Bathtub,""Room-darkening shades"",""Hot water"",""Bed linens"",""Extra pillows and blankets"",Microwave,""Coffee maker"",Refrigerator,Dishwasher,""Dishes and silverware"",""Cooking basics"",Oven,Stove,""Single level home"",""BBQ grill"",""Patio or balcony"",""Garden or backyard"",""Long term stays allowed"",""No stairs or steps to enter"",""Flat path to guest entrance"",""Well-lit path to entrance"",""Host greets you"",""Paid parking on premises""}",99,$25.00 ,15,1,62
43429,Tranquil Javanese-Style Apartment in Oakleigh East,"Study the exquisite detail of the antique Javanese garden wall, or meditate beside the calming fishpond. BBQ on the huge covered deck, also a perfect place for catching some morning rays. Or settle back with a book from the well-stocked shelves.",https://www.airbnb.com/rooms/43429,"https://a0.muscache.com/4ea/air/v2//pictures/32bd863a-9149-48d9-ba1a-e0772e744b36.jpg?t=r:w1200-h720-sfit,e:fjpg-c85",189684,Monash,"Oakleigh East, Victoria, Australia",3166,-37.8996,145.11447,Entire home/apt,"{TV,Internet,Wifi,""Air conditioning"",Kitchen,""Free parking on premises"",""Free street parking"",Heating,Washer,Dryer,""Smoke detector"",""Carbon monoxide detector"",""First aid kit"",""Fire extinguisher"",Essentials,Shampoo,""24-hour check-in"",Hangers,""Hair dryer"",Iron,""Laptop friendly workspace"",""Self check-in"",Keypad,""Private entrance"",""Hot water"",""Body soap"",""Bath towel"",""Toilet paper"",""Bed linens"",""Extra pillows and blankets"",Microwave,""Coffee maker"",Refrigerator,""Dishes and silverware"",""Cooking basics"",Oven,Stove,""BBQ grill"",""Patio or balcony"",""Garden or backyard"",""Luggage dropoff allowed"",""Long term stays allowed"",""Flat path to guest entrance"",""Hot water kettle"",""DVD player"",""Gas oven"",""Breakfast table"",""Pillow-top mattress"",""Full kitchen"",""Bedroom comforts"",""Bathroom essentials"",""Fixed grab bars for shower"",""Fixed grab bars for toilet""}",98,$0.00 ,2,2,219
44082,Queen Room in Beautiful House,"Light filled private room with Queen bed tastefully decorated with desk, lamps and roll down shutters - to keep you cool in summer and dark for sleep.  Situated right at the back of the house and down the passage way the room is quiet and private.",https://www.airbnb.com/rooms/44082,https://a0.muscache.com/im/pictures/103597655/c688f3bc_original.jpg?aki_policy=large,193031,Frankston,"Frankston, Victoria, Australia",3199,-38.14932,145.14157,Private room,"{TV,Internet,Wifi,""Air conditioning"",Kitchen,""Free parking on premises"",""Free street parking"",""Hot tub"",Heating,Washer,Dryer,""Smoke detector"",""First aid kit"",""Fire extinguisher"",Essentials,Shampoo,Hangers,""Hair dryer"",Iron,""Laptop friendly workspace"",""translation missing: en.hosting_amenity_49"",""translation missing: en.hosting_amenity_50"",""Private entrance"",""Hot water"",""Bed linens"",""Extra pillows and blankets"",Microwave,Refrigerator,Dishwasher,""Dishes and silverware"",""Cooking basics"",Oven,Stove,""Single level home"",""Patio or balcony"",""Garden or backyard"",""Luggage dropoff allowed"",""Long term stays allowed"",""Host greets you"",""Lake access""}",59,$10.00 ,2,6,318
47100,Tr√®s Charming in Fabulous Richmond,"As Melbourne's longest-running host, I pride myself on value, communication and comfort. I go out of my way to make sure each booking is seamless. Quality linen, beautiful furniture and in an excellent location. This apartment has charm, style and everything you'd need for a fantastic stay, whether it's for business, leisure or a romantic getaway. This cosy little flat has hosted 600+ people from all over the world and absolutely loved it!",https://www.airbnb.com/rooms/47100,https://a0.muscache.com/im/pictures/433369/d1a6ed28_original.jpg?aki_policy=large,212071,Yarra,"Richmond, Victoria, Australia",3121,-37.81804,145.00442,Entire home/apt,"{TV,Internet,Wifi,""Air conditioning"",Kitchen,""Free street parking"",""Buzzer/wireless intercom"",Heating,Washer,""Smoke detector"",""Carbon monoxide detector"",Essentials,Shampoo,Hangers,""Hair dryer"",Iron,""Laptop friendly workspace"",""translation missing: en.hosting_amenity_49"",""translation missing: en.hosting_amenity_50"",""Self check-in"",Lockbox,""Hot water"",Refrigerator,""Dishes and silverware"",""Cooking basics"",Oven,Stove,""Single level home"",""Garden or backyard"",""Long term stays allowed"",""Wide hallways"",""No stairs or steps to enter"",""Wide entrance for guests"",""Flat path to guest entrance"",""No stairs or steps to enter"",""Wide entrance"",""No stairs or steps to enter"",""Wide doorway to guest bathroom"",""No stairs or steps to enter"",""Wide entryway"",""Hot water kettle""}",98,$30.00 ,14,4,16
50492,St Kilda CENTRAL LUXE 2BR+PRIVATE COURTYARDS+WIFI,"Absolute SUPER CENTRAL LOCATION in hip and cool beachside St Kilda! Stunning designer 2 courtyards garden apartment in a small boutique block of only 4 apartments, located minutes to cafes, restaurants, night life, shopping, grocery stores, beach, Albert Park Lake, trams, and Melbourne City Centre.",https://www.airbnb.com/rooms/50492,https://a0.muscache.com/im/pictures/14714594/c5cbfa09_original.jpg?aki_policy=large,50121,Port Phillip,"St Kilda, Victoria, Australia",3182,-37.86127,144.98038,Entire home/apt,"{TV,Internet,Wifi,Kitchen,""Buzzer/wireless intercom"",Heating,""Family/kid friendly"",Washer,Dryer,""Smoke detector"",""First aid kit"",""Fire extinguisher"",Essentials,Shampoo,""24-hour check-in"",Hangers,""Hair dryer"",Iron,""Laptop friendly workspace"",""Self check-in"",Lockbox,""Hot water"",""Bed linens"",""Extra pillows and blankets"",Microwave,""Coffee maker"",Refrigerator,Dishwasher,""Dishes and silverware"",""Cooking basics"",Oven,Stove,""Garden or backyard"",""Long term stays allowed""}",189,$29.00 ,2,17,6
51592,Central City Warehouse Apartment,"Absolutely in the centre of Melbourne, this converted, open-plan warehouse is full of natural light and character. Easy walking distance to all points in the city as well as Southbank, Docklands, Carlton and Fitzroy. One of a kind laneway experience. Parties, events and gatherings of any kind are not permitted.",https://www.airbnb.com/rooms/51592,https://a0.muscache.com/im/pictures/443738/e6125cf3_original.jpg?aki_policy=large,190879,Melbourne,"Melbourne, Victoria, Australia",3000,-37.81486,144.96267,Entire home/apt,"{TV,Internet,Wifi,""Air conditioning"",Kitchen,""Paid parking off premises"",""Buzzer/wireless intercom"",Heating,""Family/kid friendly"",Washer,Dryer,""Smoke detector"",""Carbon monoxide detector"",Essentials,Shampoo,""24-hour check-in"",Hangers,""Hair dryer"",Iron,""Laptop friendly workspace"",""translation missing: en.hosting_amenity_50"",""Hot water"",""Bed linens"",""Extra pillows and blankets"",Microwave,Refrigerator,Dishwasher,""Dishes and silverware"",""Cooking basics"",Oven,Stove,""Long term stays allowed"",""Host greets you""}",249,$40.00 ,2,1,353
62606,A Room Near the Park,"There is one double bed in this room in a house with  five bedrooms.  The other furniture  is a desk and desk chair, a side table, chest of drawers mirror and a clothes rack. The room is s mall but simple and would suit a couple for a short stay.",https://www.airbnb.com/rooms/62606,https://a0.muscache.com/im/pictures/10389033/d310caad_original.jpg?aki_policy=large,277353,Bayside,"Melbourne, Victoria, Australia",3187,-37.92817,145.02518,Private room,"{TV,Internet,Wifi,Kitchen,""Smoking allowed"",Breakfast,""Pets live on this property"",Dog(s),Heating,""Family/kid friendly"",Washer,Dryer}",40,$11.00 ,2,3,365
66754,Richmond CITY EDGE 60s COOL 1BR+WIFI+AC,"LOCATION! LOCATION! LOCATION! Right in the heart of Richmond, this fully renovated apartment is within walking distance of Bridge Road and Swan Street cafes, restaurants, grocery stores, night life, trams and endless shopping! And The MCG is only minutes walk away! The perfect base for lifestyle and exploring Cool inner City Richmond and beyond!",https://www.airbnb.com/rooms/66754,https://a0.muscache.com/im/pictures/1022fac1-e28a-4b48-82cf-0958dea66efa.jpg?aki_policy=large,50121,Yarra,"Richmond, Victoria, Australia",3121,-37.82092,144.99384,Entire home/apt,"{TV,Internet,Wifi,""Air conditioning"",Kitchen,""Buzzer/wireless intercom"",Heating,""Family/kid friendly"",Washer,Dryer,""Smoke detector"",""First aid kit"",""Fire extinguisher"",Essentials,Shampoo,""24-hour check-in"",Hangers,""Hair dryer"",Iron,""Laptop friendly workspace"",""Self check-in"",Lockbox,""Hot water"",""Bed linens"",""Extra pillows and blankets"",Microwave,""Coffee maker"",Refrigerator,Dishwasher,""Dishes and silverware"",""Cooking basics"",Oven,Stove,""Long term stays allowed""}",138,$0.00 ,2,17,170
67211,"Kew Tranquility, Melbourne",No summary,https://www.airbnb.com/rooms/67211,https://a0.muscache.com/im/pictures/7b6d8c6d-a73e-4fb4-bc26-8467778fc128.jpg?aki_policy=large,326880,Boroondara,"Kew, Victoria, Australia",3101,-37.8037,145.03396,Private room,"{TV,Wifi,Kitchen,""Paid parking off premises"",""Free street parking"",""Buzzer/wireless intercom"",Heating,Washer,Dryer,""Smoke detector"",Essentials,Hangers,""Hair dryer"",Iron,""Laptop friendly workspace"",""Self check-in"",Lockbox,""Hot water"",""Bed linens"",""Extra pillows and blankets"",Microwave,Refrigerator,""Dishes and silverware"",""Cooking basics"",Oven,Stove,""Patio or balcony"",""Wide entrance for guests"",""Well-lit path to entrance""}",45,$0.00 ,2,1,340
68036,Classic Fitzroy Terrace (w/ cat) - walk to Tennis,"A cosy, expansive house in a fantastic neighbourhood within walking distance of the city centre and the Australian Open tennis. Does require some sporadic cat interaction.",https://www.airbnb.com/rooms/68036,https://a0.muscache.com/im/pictures/be11d3b0-af6b-45fe-9b1a-acd12726ccf1.jpg?aki_policy=large,336319,Yarra,"Fitzroy, Victoria, Australia",3065,-37.80312,144.9766,Entire home/apt,"{TV,Wifi,Kitchen,""Free parking on premises"",""Pets live on this property"",Cat(s),Heating,Washer,Dryer,""Smoke detector"",Essentials,Shampoo,Hangers,Iron,""Laptop friendly workspace"",""translation missing: en.hosting_amenity_49"",""translation missing: en.hosting_amenity_50""}",160,$0.00 ,5,1,343
68411,Large Bayside suburban house,"Ideal location for a family - close to the beach, great local community, only 20 minutes to the City.",https://www.airbnb.com/rooms/68411,https://a0.muscache.com/im/pictures/429046/b592f51c_original.jpg?aki_policy=large,334095,Bayside,"Hampton, Victoria, Australia",3188,-37.93206,145.0146,Entire home/apt,"{TV,Internet,Wifi,""Air conditioning"",Kitchen,""Free parking on premises"",""Pets live on this property"",Dog(s),Cat(s),""Buzzer/wireless intercom"",Heating,""Family/kid friendly"",Washer,Dryer,Essentials,""Hair dryer"",Iron,""Laptop friendly workspace""}",299,$0.00 ,1,1,0
68482,Charming house inner Melbourne,"This is a great neighbourhood ‚Äì it is quiet, yet close enough to the city and to so many things such as parks, hip bars and caf√©s, walking and bicycle trails etc.",https://www.airbnb.com/rooms/68482,https://a0.muscache.com/im/pictures/429739/0572f960_original.jpg?aki_policy=large,59786,Darebin,"Thornbury, Victoria, Australia",3071,-37.75861,144.98928,Entire home/apt,"{TV,Internet,Wifi,Kitchen,""Free parking on premises"",Heating,""Family/kid friendly"",Washer,""Smoke detector"",""First aid kit"",""Fire extinguisher"",Essentials,Shampoo}",140,$30.00 ,5,3,0
69421,"Pet Friendly Warm Apmt , Clifton Hill, Melbourne","ParkSide Stay is an elegant modern fully furnished apartment that is situated alongside wonderful parklands...The apartment is well maintained with large windows opening to a private sunny enclosed private courtyard garden.  The parklands  are fabulous for recreational use, whether bicyling, dog walking, walking or just sitting in and relaxing.  Restaurants, coffee shops, great shopping are minutes from the apartment...neighborhood friendly and welcoming.  Public transport close by, car parking",https://www.airbnb.com/rooms/69421,https://a0.muscache.com/im/pictures/54488658/cc3460b9_original.jpg?aki_policy=large,347754,Yarra,"Clifton Hill, Victoria, Australia",3068,-37.78784,145.00548,Entire home/apt,"{TV,Kitchen,""Free parking on premises"",""Pets allowed"",""Pets live on this property"",Dog(s),""Indoor fireplace"",Heating,""Family/kid friendly"",""Smoke detector"",""Fire extinguisher"",""translation missing: en.hosting_amenity_49""}",180,$50.00 ,2,1,365
70004,King Single in Beautiful House,"Light filled spacious room with walk in robe (great for that extra luggage).  Room is stylishly decorated with desk, lamp, side tables. Roll down security o/side blinds to keep the room cool (on hot days) or dark (for sleeping in  getting over jetlag",https://www.airbnb.com/rooms/70004,https://a0.muscache.com/im/pictures/103597629/b837f184_original.jpg?aki_policy=large,193031,Frankston,"Frankston, Victoria, Australia",3199,-38.14931,145.1419,Private room,"{TV,Internet,Wifi,""Air conditioning"",Kitchen,""Free parking on premises"",""Free street parking"",""Hot tub"",Heating,Washer,Dryer,""Smoke detector"",""First aid kit"",""Fire extinguisher"",Essentials,Shampoo,Hangers,""Hair dryer"",Iron,""Laptop friendly workspace"",""translation missing: en.hosting_amenity_49"",""translation missing: en.hosting_amenity_50"",""Hot water"",""Bed linens"",""Extra pillows and blankets"",""Luggage dropoff allowed"",""Long term stays allowed"",""Host greets you"",""Lake access""}",59,$0.00 ,4,6,330
70328,AWESOME BEACH HOUSE BnB -,"Large private bedroom, queen bed, OWN ENSUITE BATHROOM, 2 double wardrobes, wifi, office desk, in safe quiet neighbourhood, includes CONTINENTAL BREAKFAST Shared kitchen. Guests have their own lounge, TV and gas fireplace. Modern home,  close to all amenities, 1 block to stunning beach, 2 minutes walk to cafes, train station, and beach walks. CDB 35 min by train.  Ideal for solo travellers, couples or business travellers.",https://www.airbnb.com/rooms/70328,https://a0.muscache.com/im/pictures/449183/88578e3d_original.jpg?aki_policy=large,356006,Kingston,"Mordialloc, Victoria, Australia",3195,-38.00546,145.08541,Private room,"{TV,Internet,Wifi,""Air conditioning"",""Wheelchair accessible"",Kitchen,Breakfast,""Pets live on this property"",Cat(s),""Free street parking"",""Indoor fireplace"",Heating,Washer,""Smoke detector"",""First aid kit"",Essentials,Shampoo,Hangers,""Hair dryer"",Iron,""Laptop friendly workspace"",""translation missing: en.hosting_amenity_49"",""translation missing: en.hosting_amenity_50"",""Hot water"",""Host greets you""}",71,$20.00 ,1,1,253
72576,"Stunning Fitzroy, own level + bathroom.  No Ikea!","Welcome to Little George, a light-filled 3 level home in vibrant Fitzroy filled with comfy furnishings and vintage touches.   With Fitzroy's almost 100 cafes, restaurants, live music venues, cocktail bars and pubs you have chosen a wonderful area to stay in.  This is an award winning Kerstin Thompson house and has been my home for 17 years.  I love living here - I hope you'll enjoy visiting, it's nice to have you!",https://www.airbnb.com/rooms/72576,https://a0.muscache.com/im/pictures/8891601/ac12a57e_original.jpg?aki_policy=large,376675,Yarra,"Fitzroy, Victoria, Australia",3065,-37.80689,144.97946,Private room,"{TV,Internet,Wifi,""Air conditioning"",Kitchen,Breakfast,""Free street parking"",Heating,Washer,Dryer,""Smoke detector"",""First aid kit"",Essentials,Shampoo,Hangers,""Hair dryer"",Iron,""Laptop friendly workspace"",""translation missing: en.hosting_amenity_49"",""translation missing: en.hosting_amenity_50"",""Self check-in"",Lockbox,""Hot water"",""Bed linens"",""Extra pillows and blankets"",Microwave,Refrigerator,Dishwasher,""Dishes and silverware"",""Cooking basics"",Oven,Stove,""Patio or balcony"",""Luggage dropoff allowed""}",110,$10.00 ,2,2,150
74548,City Location-Perfect for Singles,No summary,https://www.airbnb.com/rooms/74548,https://a0.muscache.com/im/pictures/514828/3974e7f2_original.jpg?aki_policy=large,392505,Melbourne,"Melbourne, Victoria, Australia",3000,-37.8155,144.95894,Private room,"{TV,Wifi,Pool,Kitchen,""Smoking allowed"",Doorman,Gym,Elevator,""Hot tub"",""Buzzer/wireless intercom"",Heating,Washer,Dryer,""translation missing: en.hosting_amenity_49"",""translation missing: en.hosting_amenity_50""}",69,$0.00 ,2,1,287
74715,"Northcote, A Classic in Melbourne","A relaxed Californian bungalow with a mature garden. Your room is large with high decorative ceilings. With access to kitchen facilities and your own bathroom, this is just the space you need to settle into while you explore the surrounding areas.",https://www.airbnb.com/rooms/74715,https://a0.muscache.com/im/pictures/558553/f8a7cbdb_original.jpg?aki_policy=large,392594,Darebin,"Northcote, Victoria, Australia",3070,-37.77258,145.00994,Private room,"{TV,Wifi,Kitchen,""Free street parking"",Heating,""Family/kid friendly"",Washer,""Smoke detector"",""Carbon monoxide detector"",""First aid kit"",Essentials,Shampoo,""Lock on bedroom door"",Hangers,""Hair dryer"",Iron,""Laptop friendly workspace"",""Self check-in"",Lockbox,""Private entrance"",Bathtub,""Children‚Äôs books and toys"",""Children‚Äôs dinnerware"",""Hot water"",""Bed linens"",""Extra pillows and blankets"",Microwave,Refrigerator,""Dishes and silverware"",""Cooking basics"",Oven,Stove,""Single level home"",""Garden or backyard"",""Luggage dropoff allowed"",""No stairs or steps to enter"",""Extra space around bed"",""No stairs or steps to enter"",""No stairs or steps to enter""}",65,$15.00 ,2,2,80
74959,Blissful Beachside Port Melbourne Warehouse,"Your own stylish, spacious bedroom and bathroom - plus shared use of the whole house - in a large, lofty, one-of-a-kind town home carved out of a 150-year-old landmark factory building. Ideally located in trendy Port Melbourne, with easy parking right out front. Just half a block from the beach - 3 blocks to ferry & cruise departures or the local tram stop - and 10 easy minutes by tram to the heart of Melbourne.  Whole house occasionally available. Pls enquire.",https://www.airbnb.com/rooms/74959,https://a0.muscache.com/im/pictures/ad4795fa-b5c0-4518-af91-f2a79df9019e.jpg?aki_policy=large,395864,Port Phillip,"Port Melbourne, Victoria, Australia",3207,-37.84028,144.93595,Private room,"{TV,""Cable TV"",Internet,Wifi,""Air conditioning"",Pool,Kitchen,""Pets allowed"",Gym,""Pets live on this property"",Dog(s),""Free street parking"",""Buzzer/wireless intercom"",Heating,Washer,Dryer,""Smoke detector"",""Carbon monoxide detector"",""Safety card"",""Fire extinguisher"",Essentials,Shampoo,Hangers,""Hair dryer"",Iron,""Laptop friendly workspace"",""Self check-in"",Lockbox,""Hot water"",""Bed linens"",""Extra pillows and blankets"",Microwave,""Coffee maker"",Refrigerator,Dishwasher,""Dishes and silverware"",""Cooking basics"",Oven,Stove,""BBQ grill"",""Patio or balcony"",""Luggage dropoff allowed"",""Wide entrance for guests"",""Wide entrance"",""Extra space around bed"",""Accessible-height bed"",""Wide entryway"",""Host greets you"",""Full kitchen""}",95,$0.00 ,2,1,331
75109,"‚ù§ Safe, Cosy Oasis 10 km from CBD ‚ù§","Warm, relaxed home away from home!  If you want the comfort and privacy and conveniences of a true family home‚Ä¶PLUS friendly relaxed hosts AND the confidence a 100+ positive reviews offer, then you should definitely check us  out :-)",https://www.airbnb.com/rooms/75109,https://a0.muscache.com/im/pictures/1099de78-4138-4480-b880-94315bbc507b.jpg?aki_policy=large,397569,Hobsons Bay,"Newport, Victoria, Australia",3015,-37.83821,144.87827,Private room,"{TV,Internet,Wifi,""Air conditioning"",Kitchen,""Free parking on premises"",""Pets live on this property"",Dog(s),Cat(s),""Other pet(s)"",Heating,""Family/kid friendly"",Washer,""Smoke detector"",""First aid kit"",""Safety card"",""Fire extinguisher"",Essentials,Shampoo,Hangers,""Hair dryer"",Iron,""Laptop friendly workspace""}",50,$15.00 ,2,4,8
76867,"City's edge Penthouse - private bath, views!","No cleaning fees. Private room ideal for solos or couples. Queen size bed, TV, fast WiFi, Netflix and a private bathroom in a central, quiet, secure top floor apartment.  Ducted A/C & heating throughout.  Tram stop and IGA supermarket 40 metres from the door.",https://www.airbnb.com/rooms/76867,https://a0.muscache.com/im/pictures/29210015/fe7e2646_original.jpg?aki_policy=large,410806,Port Phillip,"South Melbourne, Victoria, Australia",3205,-37.83229,144.96845,Private room,"{TV,Wifi,""Air conditioning"",Pool,Kitchen,""Paid parking off premises"",Gym,Breakfast,Elevator,""Free street parking"",Heating,Washer,Dryer,""Smoke detector"",Essentials,Shampoo,Hangers,""Hair dryer"",Iron,""Laptop friendly workspace"",""translation missing: en.hosting_amenity_49"",""translation missing: en.hosting_amenity_50"",""Self check-in"",Lockbox,""Private entrance"",Bathtub,""Room-darkening shades"",""Hot water"",""Bed linens"",""Extra pillows and blankets"",""Pocket wifi"",Microwave,""Coffee maker"",Refrigerator,Dishwasher,""Dishes and silverware"",""Cooking basics"",Oven,Stove,""Single level home"",""BBQ grill"",""Patio or balcony"",""Beach essentials"",""Wide hallways"",""No stairs or steps to enter"",""Wide entrance for guests"",""Flat path to guest entrance"",""Well-lit path to entrance"",""No stairs or steps to enter"",""No stairs or steps to enter"",""Wide entryway""}",85,$20.00 ,2,1,261
78143,2 bedrooms-ideal for friends/family,"Very comfortable modern, house in quiet, leafy environment with easy access to local shops and all public transport-bus,tram,train and access to freeways for country driving.",https://www.airbnb.com/rooms/78143,https://a0.muscache.com/im/pictures/5196319/9d975b21_original.jpg?aki_policy=large,419767,Stonnington,"Prahran, Victoria, Australia",3181,-37.8531,144.99012,Private room,"{TV,Wifi,Pool,Gym,""Free street parking"",Heating,""Family/kid friendly"",""Smoke detector"",""Carbon monoxide detector"",Essentials,Shampoo,Hangers,""Hair dryer"",Iron,""Laptop friendly workspace"",""translation missing: en.hosting_amenity_50"",""Self check-in"",""Building staff"",""Hot water"",""Bed linens"",""Extra pillows and blankets"",Microwave,Refrigerator,Dishwasher,""Dishes and silverware"",""Garden or backyard""}",98,$20.00 ,2,1,334
80986,Richmond CENTRAL PARK EDGE 1BR +PARKING+WIFI,"ABSOLUTE SUPER CENTRAL RICHMOND LOCATION! Walk to hip and happening Bridge Road cafes, restaurants and nightlife. Enjoy the local park, swimming pool and the Fabulous Gleadell Street Weekend Farmers' Market for fresh off the farm produce! Also within walking distance, gourmet groceries, supermarkets and trams that whisk you into Melbourne City Centre within minutes!",https://www.airbnb.com/rooms/80986,https://a0.muscache.com/im/pictures/62786959/9a71b6ce_original.jpg?aki_policy=large,50121,Yarra,"Richmond, Victoria, Australia",3121,-37.81639,145.00262,Entire home/apt,"{TV,Internet,Wifi,Kitchen,""Free parking on premises"",""Buzzer/wireless intercom"",Heating,""Family/kid friendly"",Washer,Dryer,""Smoke detector"",""First aid kit"",""Fire extinguisher"",Essentials,Shampoo,""24-hour check-in"",Hangers,""Hair dryer"",Iron,""Laptop friendly workspace"",""Self check-in"",Lockbox,""Hot water"",""Bed linens"",""Extra pillows and blankets"",Microwave,""Coffee maker"",Refrigerator,""Dishes and silverware"",""Cooking basics"",Oven,""Long term stays allowed""}",120,$0.00 ,2,17,169
86369,"Sunny 1950s Apartment, St Kilda East 
Longer stays","Greyfriars is an iconic apartment block with a beautiful central garden, a car park and our sunny 1950s renovated one bedroom flat. Green views from living and bedroom, a cute separate kitchen and a retro bathroom.  Walk to shops, tram to city. Your pied-a-terre in vibrant Melbourne.",https://www.airbnb.com/rooms/86369,https://a0.muscache.com/im/pictures/11571260/86f9189b_original.jpg?aki_policy=large,246509,Glen Eira,"Saint Kilda East, Victoria, Australia",3183,-37.86971,145.00662,Entire home/apt,"{TV,Kitchen,""Free parking on premises"",""Free street parking"",Heating,Washer,Dryer,""Smoke detector"",Essentials,Shampoo,Hangers,""Hair dryer"",Iron,""translation missing: en.hosting_amenity_49"",""translation missing: en.hosting_amenity_50"",""Self check-in"",Keypad,""Private living room"",""Hot water"",""Bed linens"",""Extra pillows and blankets"",Microwave,""Coffee maker"",Refrigerator,Dishwasher,""Dishes and silverware"",""Cooking basics"",Oven,Stove,""Garden or backyard"",""Luggage dropoff allowed"",""Long term stays allowed"",""Cleaning before checkout""}",99,$25.00 ,21,1,259
108032,Studio apartment on Collins Street,"Boutique city living in the centre of the city. Art Nouveau features, historic heritage building and modern class. This 4th floor apartment is moments away from Bourke Street shopping, the Emporium, Federation Square, theatres, bars, cafes, trams(free in the CBD) and Flinders Street Station. Quiet entry in Manchester Lane.",https://www.airbnb.com/rooms/108032,https://a0.muscache.com/im/pictures/44cc8a49-f81e-435a-a72c-7af86cd3998c.jpg?aki_policy=large,559227,Melbourne,"Melbourne, Victoria, Australia",3000,-37.81639,144.96652,Entire home/apt,"{TV,Internet,Wifi,""Air conditioning"",Kitchen,""Paid parking off premises"",Elevator,""Buzzer/wireless intercom"",Heating,""Smoke detector"",Essentials,Shampoo,Hangers,""Hair dryer"",Iron,""Laptop friendly workspace"",""Hot water"",""Host greets you""}",140,$50.00 ,2,1,313
111001,Double Guest Room Ensuited,We are a registered accommodation provider and use professionally laundered linen and the building meets all fire regulations. Newly purpose built guest room with private bathroom.,https://www.airbnb.com/rooms/111001,https://a0.muscache.com/im/pictures/9649cf32-de3c-4bf9-93dc-6e0cd207480c.jpg?aki_policy=large,569413,Port Phillip,"South Melbourne, Victoria, Australia",3205,-37.83739,144.96637,Private room,"{TV,Internet,Wifi,""Air conditioning"",""Wheelchair accessible"",Kitchen,Elevator,""Free street parking"",Heating,""Family/kid friendly"",""Smoke detector"",""First aid kit"",""Fire extinguisher"",Essentials,Shampoo,""Lock on bedroom door"",""24-hour check-in"",Hangers,""Hair dryer"",Iron,""Laptop friendly workspace"",Crib,""Hot water"",""Bed linens"",""Extra pillows and blankets"",Microwave,Refrigerator,Dishwasher,""Dishes and silverware"",""Cooking basics"",Oven,Stove,""Luggage dropoff allowed"",""Long term stays allowed"",""No stairs or steps to enter"",""Wide entrance for guests"",""Flat path to guest entrance"",""Well-lit path to entrance"",""No stairs or steps to enter"",""Wide entrance"",""Extra space around bed"",""No stairs or steps to enter"",""Wide doorway to guest bathroom"",""Accessible-height toilet"",""Wide entryway"",""Host greets you"",""Handheld shower head"",""Fixed grab bars for shower"",""Fixed grab bars for toilet"",""Roll-in shower"",""Shower chair""}",81,$0.00 ,2,16,360
120487,Garden Bungalow with the Possums,"The Garden Bungalow was this year fully booked by former guests from mid January until the 12th May, 2018 .  I apologise to my lovely regulars who have been unable to book with me.  Now everything back to normal and we are open for business again.  Henry and I await your company!",https://www.airbnb.com/rooms/120487,https://a0.muscache.com/im/pictures/b6011298-a2c2-4925-9daa-f7b1a71cbe2a.jpg?aki_policy=large,606393,Kingston,"Parkdale, Victoria, Australia",3195,-37.99107,145.07643,Entire home/apt,"{TV,Wifi,""Air conditioning"",Kitchen,""Smoking allowed"",""Pets allowed"",Breakfast,""Pets live on this property"",Dog(s),""Free street parking"",Heating,""Family/kid friendly"",""Smoke detector"",""First aid kit"",""Fire extinguisher"",Essentials,Shampoo,Hangers,""Hair dryer"",Iron,""Laptop friendly workspace"",""Self check-in"",Lockbox,""Hot water""}",89,$20.00 ,2,2,302
133617,Life style on the Beach Ë±™ÂçéÁöÑÊµ∑ËæπÁîüÊ¥ª,"Furnished apmt situated  3.5 Km from CBD, and surrounded by parks, shops, cafes and pubs on Bay St. Trams and buses are close by.  Indoor swimming pool, gym, sauna and tennis court in this landmark ,5-start resort complex is under 24‚ÅÑ7 security.The whole apartment will be available from 20/May for 6 months or longer. Not only the master bedroom with ensuite and 2nd room also will be available if need.  Please contact the host to discuss the details.",https://www.airbnb.com/rooms/133617,https://a0.muscache.com/im/pictures/916120/09c922df_original.jpg?aki_policy=large,646383,Port Phillip,"Port Melbourne, Victoria, Australia",3207,-37.84317,144.94031,Entire home/apt,"{TV,Internet,Wifi,""Air conditioning"",""Wheelchair accessible"",Pool,Kitchen,""Free parking on premises"",Gym,Elevator,""Buzzer/wireless intercom"",Heating,""Family/kid friendly"",Washer,""Smoke detector"",""Carbon monoxide detector"",""First aid kit"",""Safety card"",""Fire extinguisher"",Essentials,""Lock on bedroom door"",""24-hour check-in"",Hangers,""Hair dryer"",Iron,""Laptop friendly workspace"",""translation missing: en.hosting_amenity_50"",""Bed linens"",""Extra pillows and blankets"",""Ethernet connection"",Microwave,""Coffee maker"",Refrigerator,Dishwasher,""Dishes and silverware"",""Cooking basics"",Oven,Stove,""Single level home"",""BBQ grill"",""Patio or balcony"",""Garden or backyard"",""Beach essentials"",Waterfront,Beachfront}",120,$10.00 ,30,2,5
136510,Private Room,"Nice perfect room for the smart traveler. Here in Parkville, we are close to the city and easy access to the airport. you will enjoy a 25 meter heated pool, BBQ area, and professional GYM room. Parkville is an inner suburb of Melbourne, 3 km north of Melbourne's Central Business District. You have lots of public transport close by and Melbourne University and Hospitals. Parks and beautiful areas for visitors.",https://www.airbnb.com/rooms/136510,https://a0.muscache.com/im/pictures/6baabcff-e9a3-4fb7-a76f-61ad57204179.jpg?aki_policy=large,668249,Melbourne,"Parkville, Victoria, Australia",3052,-37.77919,144.94041,Private room,"{TV,""Cable TV"",Wifi,""Air conditioning"",Pool,Kitchen,Gym,""Pets live on this property"",Cat(s),Elevator,""Free street parking"",""Indoor fireplace"",Washer,""Smoke detector"",""Fire extinguisher"",Essentials,Hangers,Iron,""Laptop friendly workspace"",""Hot water"",""Bed linens"",""Extra pillows and blankets"",Microwave,""Coffee maker"",Refrigerator,""Dishes and silverware"",""Cooking basics"",Stove,""Single level home"",""BBQ grill"",""Patio or balcony"",""Luggage dropoff allowed"",""Long term stays allowed"",""Wide entrance for guests"",""Disabled parking spot"",""No stairs or steps to enter"",""Extra space around bed"",""Accessible-height bed"",""No stairs or steps to enter"",""Accessible-height toilet"",""No stairs or steps to enter"",""Wide entryway"",""Host greets you""}",44,$8.00 ,1,1,0
144236,"Lux Apartment, Australian Open",No summary,https://www.airbnb.com/rooms/144236,https://a0.muscache.com/im/pictures/23070808/091945c3_original.jpg?aki_policy=large,699180,Melbourne,"Melbourne, Victoria, Australia",3004,-37.84499,144.97929,Private room,"{TV,Wifi,""Air conditioning"",""Wheelchair accessible"",Pool,Kitchen,Doorman,Gym,Elevator,""Buzzer/wireless intercom"",Heating,Washer,Dryer}",245,$45.00 ,2,1,365
150729,"Fabulous Fitzroy, gorgeous Gertrude St.   No Ikea!","Welcome to Little George, a light-filled 3 level home in vibrant Fitzroy filled with comfy furnishings and vintage touches.   With Fitzroy's almost 100 cafes, restaurants, live music venues, cocktail bars and pubs you have chosen a wonderful area to stay in.  This is an award winning Kerstin Thompson house and has been my home for 17 years.  I love living here - I hope you'll enjoy visiting, it's nice to have you!",https://www.airbnb.com/rooms/150729,https://a0.muscache.com/im/pictures/8920696/9dc05a24_original.jpg?aki_policy=large,376675,Yarra,"Fitzroy, Victoria, Australia",3065,-37.80508,144.97942,Private room,"{TV,Internet,Wifi,""Air conditioning"",Kitchen,Breakfast,""Free street parking"",Heating,Washer,Dryer,""Smoke detector"",""First aid kit"",Essentials,Shampoo,Hangers,""Hair dryer"",Iron,""Laptop friendly workspace"",""translation missing: en.hosting_amenity_49"",""translation missing: en.hosting_amenity_50"",""Self check-in"",Lockbox,""Hot water"",""Bed linens"",""Extra pillows and blankets"",Microwave,Refrigerator,Dishwasher,""Dishes and silverware"",""Cooking basics"",Oven,Stove,""Patio or balcony"",""Luggage dropoff allowed""}",89,$10.00 ,2,2,52
157427,"Stone's Throw Studio, Belgrave","Our beautiful 1 bedroom studio is suitable for 2 people as it has 1 double bed only. It has a garden setting with a private entrance & patio, large bathroom with clawfoot bath, separate shower and separate toilet. Located on a private street, yet walking distance to Puffing Billy, shops, bars, restaurants and train station. If you have a larger group we have a cottage as well. Please see our other listing Stone's Throw Cottage. Linen, towels and continental breakfast included. Free WIFI",https://www.airbnb.com/rooms/157427,https://a0.muscache.com/im/pictures/2024053/b89d8959_original.jpg?aki_policy=large,717024,Yarra Ranges,"Belgrave, Victoria, Australia",3160,-37.90605,145.35069,Entire home/apt,"{TV,Wifi,""Air conditioning"",Breakfast,""Pets live on this property"",Dog(s),Cat(s),""Free street parking"",Heating,Washer,Dryer,""First aid kit"",Essentials,Shampoo,Hangers,""Hair dryer"",Iron,""Laptop friendly workspace"",""translation missing: en.hosting_amenity_49"",""translation missing: en.hosting_amenity_50"",""Self check-in"",Lockbox,""Private entrance"",""Hot water"",""Bed linens"",""Extra pillows and blankets"",Microwave,Refrigerator,""Dishes and silverware"",""Patio or balcony"",""Garden or backyard""}",160,$0.00 ,1,2,315
161033,Healesville Yarra Valley Cottage,"The cottage is a small self contained cabin on a picturesque property. It is simple, comfortable, clean and private. This space is perfect for people  looking for a quiet stay in a rural location with access to all the Yarra Valley offers.",https://www.airbnb.com/rooms/161033,https://a0.muscache.com/im/pictures/17370249/68633870_original.jpg?aki_policy=large,770883,Yarra Ranges,"Chum Creek, Victoria, Australia",3777,-37.63282,145.49766,Entire home/apt,"{""Free parking on premises"",Breakfast,Heating,Washer,""Smoke detector"",Essentials,Shampoo,""Lock on bedroom door"",Hangers,""Hair dryer"",""Laptop friendly workspace"",""translation missing: en.hosting_amenity_49"",""translation missing: en.hosting_amenity_50"",""Private living room"",""Private entrance"",""Hot water"",""Bed linens"",""Extra pillows and blankets"",Microwave,""Coffee maker"",Refrigerator,""Dishes and silverware"",""Patio or balcony"",""Garden or backyard"",""Luggage dropoff allowed""}",81,$0.00 ,2,1,232
161404,"Handy Location, 5Beds, 3bath, 10km to CBD, Austin","Newly built townhouse with quality finishing. It is fully furnished with design originals including a comfy sofa and a dining table. The main space has a TV, DVD and Wi-Fi. Stainless steel kitchen equipped with Gas Stove and Oven, dishwasher, Fridge and fully stocked with cooking utensils and crockery. Central heating keeps the space warm in winter whilst Air Conditioning throughout makes the hot summer day a pleasure. Lovely outdoor space with small garden. Enjoy home away from your home.",https://www.airbnb.com/rooms/161404,https://a0.muscache.com/im/pictures/f3f3dc8e-3086-4014-aa8e-431aa7b113cc.jpg?aki_policy=large,772011,Banyule,"Ivanhoe, Victoria, Australia",3079,-37.75651,145.03991,Entire home/apt,"{TV,Wifi,""Air conditioning"",Kitchen,Heating,""Smoke detector"",Essentials,Hangers,""Hair dryer"",Iron,""Laptop friendly workspace"",""Private entrance"",Bathtub,""Hot water"",""Bed linens"",""Extra pillows and blankets"",Microwave,Refrigerator,Dishwasher,""Dishes and silverware"",""Cooking basics"",Oven,Stove,""Patio or balcony"",""Garden or backyard"",""Long term stays allowed"",""Flat path to guest entrance"",""Well-lit path to entrance"",""Host greets you""}",98,$20.00 ,2,1,316
163077,Elwood CHIC 1BR+WALK TO VILLAGE+PARKING+WIFI,"Beautiful Beachside Leafy Elwood! Only minutes to the Local Village bars, cafes, restaurants, supermarket, etc. This gorgeous designer apartment offers local village atmosphere and tram and buses are just a short stroll away that whisk you into Melbourne City Centre within minutes!",https://www.airbnb.com/rooms/163077,https://a0.muscache.com/im/pictures/107619127/5b6ca272_original.jpg?aki_policy=large,50121,Port Phillip,"Elwood, Victoria, Australia",3184,-37.87959,144.99165,Entire home/apt,"{TV,Internet,Wifi,Kitchen,""Free parking on premises"",""Buzzer/wireless intercom"",Heating,""Family/kid friendly"",Washer,Dryer,""Smoke detector"",""First aid kit"",""Fire extinguisher"",Essentials,Shampoo,""24-hour check-in"",Hangers,""Hair dryer"",Iron,""Laptop friendly workspace"",""Self check-in"",Lockbox,""Hot water"",""Bed linens"",""Extra pillows and blankets"",Microwave,""Coffee maker"",Refrigerator,""Dishes and silverware"",""Cooking basics"",Oven,Stove,""Long term stays allowed""}",138,$0.00 ,2,17,168
167067,Convenient Spot in Mt Waverley,The unit is right next to a small park where occasionally people exercise or just sit on the bench and enjoy the sun,https://www.airbnb.com/rooms/167067,https://a0.muscache.com/im/pictures/1053970/5886ce2f_original.jpg?aki_policy=large,796181,Monash,"Mount Waverley, Victoria, Australia",3149,-37.87146,145.12984,Private room,"{TV,Internet,Wifi,Kitchen,Heating,""Family/kid friendly"",Washer,""Smoke detector"",Essentials,Hangers,Iron,Microwave,Refrigerator,""Dishes and silverware"",""Cooking basics"",Oven,Stove,""Long term stays allowed""}",45,$0.00 ,4,1,69
173426,Beautiful Northcote home with heart -close to city,"Our 3 bedroom 1940's renovated home is light, open and full of charm. The large garden and nearby creek create an urban oasis only 20 minutes from the city by public transport (a short walk to train station and tram stop). Just minutes from CERES organic markets / farm and the restaurants and shops of High St. A safe and quiet neighbourhood. Room is perfect for solo traveller and hosts can help as much or as little as needed.",https://www.airbnb.com/rooms/173426,https://a0.muscache.com/im/pictures/66973151/abd63179_original.jpg?aki_policy=large,804527,Darebin,"Melbourne, Victoria, Australia",3070,-37.76315,144.98578,Private room,"{TV,Internet,Wifi,""Air conditioning"",""Free street parking"",""Indoor fireplace"",Heating,""Smoke detector"",""First aid kit"",Essentials,Shampoo,Hangers,""Hair dryer"",Iron,""Laptop friendly workspace"",""translation missing: en.hosting_amenity_49"",""translation missing: en.hosting_amenity_50"",""Hot water"",""Host greets you""}",36,$20.00 ,1,1,0
189128,"Double Room, Private Bathroom, Breakfast & Air Con","A lovely clean space with double bed, built in wardrobe and shelves for clothing and a private bathroom (not en suite). Crisp clean linen, towels and breakfast provided. Free WiFi, air conditioning and your own TV with Netflix and Foxtel (no live TV). Walk to a great range of shops, cafes and restaurants. Or use nearby public transport to be in the city centre in less than 30 minutes.  Hosting for over 4 years. Dog owners",https://www.airbnb.com/rooms/189128,https://a0.muscache.com/im/pictures/6425203/84035409_original.jpg?aki_policy=large,668611,Boroondara,"Hawthorn East, Victoria, Australia",3123,-37.8176,145.05913,Private room,"{TV,""Cable TV"",Internet,Wifi,""Air conditioning"",Breakfast,""Pets live on this property"",Dog(s),""Free street parking"",Heating,Washer,Dryer,""Smoke detector"",Essentials,Shampoo,Hangers,""Hair dryer"",Iron,""Laptop friendly workspace"",""translation missing: en.hosting_amenity_49"",""translation missing: en.hosting_amenity_50"",""Hot water"",""Host greets you""}",61,$20.00 ,1,2,149
189293,A POP-UP BEDROOM NEAR CITY AND AIRPORT,"A pop-up bedroom on Airbnb as my parents wanted to let it out while they are overseas. It is a spacious room, apart from no access to the wardrobe which stores my parent's clothing,  you get the use of all facilities of the house. You will be sharing the house with 2 guests from Perth who booked the second room. Cheers Diana",https://www.airbnb.com/rooms/189293,https://a0.muscache.com/im/pictures/5d8f5347-5f2d-4396-8883-6a81434304e7.jpg?aki_policy=large,182833,Darebin,"Reservoir, Victoria, Australia",3073,-37.69879,145.00193,Private room,"{TV,Internet,Wifi,""Air conditioning"",Kitchen,""Free parking on premises"",Heating,""Family/kid friendly"",Washer}",30,$15.00 ,2,3,0
189406,Position Perfect - Richmond,"This newly renovated one bedroom, one bathroom apartment is in an ideal location. It is superbly decorated and comfortable.",https://www.airbnb.com/rooms/189406,https://a0.muscache.com/im/pictures/34063671/68582e33_original.jpg?aki_policy=large,913736,Yarra,"Richmond, Victoria, Australia",3121,-37.81758,144.99833,Entire home/apt,"{TV,Internet,Wifi,""Air conditioning"",Kitchen,""Free parking on premises"",""Free street parking"",""Buzzer/wireless intercom"",Heating,""Family/kid friendly"",Washer,Dryer,""Smoke detector"",Essentials,Shampoo,""24-hour check-in"",Hangers,""Hair dryer"",Iron,""Self check-in"",Lockbox,""High chair"",""Children‚Äôs books and toys"",""Pack ‚Äôn Play/travel crib"",""Hot water"",""Long term stays allowed""}",135,$15.00 ,3,8,41
189434,PositionPerfect Carlton Paris Style,"Our Carlton Paris style apartment is a stylish one bedroom one bathroom apartment located just off Lygon Street, Carlton.",https://www.airbnb.com/rooms/189434,https://a0.muscache.com/im/pictures/1227260/dd3b7ea5_original.jpg?aki_policy=large,913736,Melbourne,"Carlton, Victoria, Australia",3053,-37.7987,144.96671,Entire home/apt,"{TV,Internet,Wifi,""Air conditioning"",Kitchen,""Free street parking"",""Buzzer/wireless intercom"",Heating,""Family/kid friendly"",Washer,Dryer,""Smoke detector"",Essentials,Shampoo,Hangers,""Hair dryer"",Iron,""Laptop friendly workspace"",""Self check-in"",Lockbox,""High chair"",""Children‚Äôs books and toys"",""Pack ‚Äôn Play/travel crib"",""Hot water"",""Long term stays allowed""}",135,$15.00 ,3,8,30
209073,Luxury Melbourne City Apartment,"Providing all the luxury and glamour of Melbourne outside your doorstep! Located in the absolute heart of Melbourne close to theatres, shops, restaurants, the Botanical Gardens, Fitzroy Gardens, MCG, Tennis Center, inner-city galleries and cafes.  Within Walking Distance:  Federation Square, St Paul's Cathedral, Bourke St Mall, the Regent Theatre, Degrave's Lane, Centre Place, Melbourne Town Hall, National Gallery of Victoria, the Botanical Gardens, the Queen Vic Markets, etc.",https://www.airbnb.com/rooms/209073,https://a0.muscache.com/im/pictures/d2141064-54d5-4b31-aef5-619ff8778d31.jpg?aki_policy=large,1029900,Melbourne,"Melbourne, Victoria, Australia",3000,-37.81677,144.97589,Entire home/apt,"{TV,""Cable TV"",Internet,Wifi,""Air conditioning"",Kitchen,""Free parking on premises"",""Smoking allowed"",""Buzzer/wireless intercom"",Heating,Washer,Dryer,""Smoke detector"",""First aid kit"",""Fire extinguisher"",Essentials,Shampoo,Hangers,""Hair dryer"",Iron,""Laptop friendly workspace"",""translation missing: en.hosting_amenity_49"",Microwave,""Coffee maker"",Refrigerator,Dishwasher,""Dishes and silverware"",""Cooking basics"",Oven,Stove,""Patio or balcony"",""Long term stays allowed"",""Wide hallways"",""Host greets you""}",140,$0.00 ,7,1,313
210568,"Carnarvon, Armadale/St KldaE/Caulfl","300 metres from Malvern station, 15 minutes to CBD. On several tram lines (no. (Phone number hidden by Airbnb) , and 6) that service the other inner and outer middle suburbs.  On popular shopping/cafe strip and large park. Walk to Monash Caulfield or one stop.",https://www.airbnb.com/rooms/210568,https://a0.muscache.com/im/pictures/2004474/f066a4ae_original.jpg?aki_policy=large,1038237,Glen Eira,"Caulfield North, Victoria, Australia",3161,-37.86898,145.02775,Private room,"{TV,Internet,Wifi,""Air conditioning"",Kitchen,""Free street parking"",""Indoor fireplace"",Heating,Washer,Dryer,""Smoke detector"",""Carbon monoxide detector"",""Fire extinguisher"",Essentials,Shampoo,""Hair dryer"",""Self check-in"",""Smart lock"",""Private entrance"",""Hot water""}",57,$10.00 ,3,2,0
213348,Large room in quiet Victorian home,"Located in a large fully furnished home with beautiful, private garden.  Situated in a quiet cul de sac between Fitzroy Street St Kilda and Chapel Street Windsor, it's walking distance to the best of what St Kilda and Windsor / Prahran have to offer.",https://www.airbnb.com/rooms/213348,https://a0.muscache.com/im/pictures/10776403/ff173781_original.jpg?aki_policy=large,689924,Port Phillip,"St Kilda, Victoria, Australia",3182,-37.85874,144.98633,Private room,"{TV,Wifi,""Air conditioning"",Kitchen,""Indoor fireplace"",Heating,Washer,Essentials,Shampoo,Hangers,""Hair dryer"",Iron,""Laptop friendly workspace"",""translation missing: en.hosting_amenity_49"",""translation missing: en.hosting_amenity_50""}",71,$30.00 ,3,1,0
214565,Warm and inviting cottage in the North East,"Warm and inviting inter-war (between the world wars) cottage in Melbourne's green wedge.  Minutes from transport to the city, airport, LaTrobe Uni Bundoora, RMIT Bundoora.  Only a picturesque hour drive to the Yarra Valley.  Easy driving to Kinglake National Park.   Great area which is more like a small village swallowed up by the city. With an active cafe and restaurant culture. Plenty of choice. Lots of local wildlife, including possums, lorikeets and rosellas.",https://www.airbnb.com/rooms/214565,https://a0.muscache.com/im/pictures/d4ffe05d-c5ef-4ad2-b783-1e90b1530f1a.jpg?aki_policy=large,1107678,Banyule,"Montmorency, Victoria, Australia",3094,-37.7137,145.1238,Private room,"{TV,Internet,Wifi,""Air conditioning"",Kitchen,""Free parking on premises"",""Pets allowed"",""Pets live on this property"",Dog(s),Cat(s),""Other pet(s)"",""Free street parking"",Heating,Washer,Dryer,""Smoke detector"",""First aid kit"",""Fire extinguisher"",Essentials,Hangers,""Hair dryer"",Iron,""Laptop friendly workspace"",""Self check-in"",Lockbox,""Hot water""}",30,$0.00 ,1,1,0
215787,5 mins Melbourne CBD in Richmond. ,"Apartment located opposite the Melbourne Cricket Ground, close to all public transport for the CBD or a 15mins walk. Tastefully decorated, one bedroom, study/dining room overlooking leafy Punt Rd, living room, kitchen & bathroom, undercover parking.",https://www.airbnb.com/rooms/215787,https://a0.muscache.com/im/pictures/1912849/e9981447_original.jpg?aki_policy=large,700065,Yarra,"Richmond, Victoria, Australia",3121,-37.81861,144.98996,Entire home/apt,"{TV,Internet,Wifi,""Air conditioning"",Kitchen,""Free parking on premises"",Heating,Washer,""Smoke detector"",Essentials,Shampoo,Hangers,Iron,""Laptop friendly workspace"",""translation missing: en.hosting_amenity_49"",""translation missing: en.hosting_amenity_50"",""Private entrance"",""Hot water"",""Bed linens"",""Extra pillows and blankets""}",94,$0.00 ,30,1,205
227028,Flinders Lane Architecturally Designed Apartment,Welcome to the award winning architecturally designed apartment in a historic heritage building located on Melbourne's iconic Flinders Lane.,https://www.airbnb.com/rooms/227028,https://a0.muscache.com/im/pictures/37667946/b7901893_original.jpg?aki_policy=large,1184368,Melbourne,"Melbourne, Victoria, Australia",3000,-37.81571,144.96748,Entire home/apt,"{TV,Internet,Wifi,Kitchen,""Paid parking off premises"",Elevator,""Buzzer/wireless intercom"",Heating,""Family/kid friendly"",Washer,Dryer,""Smoke detector"",Essentials,Shampoo,""24-hour check-in"",Hangers,""Hair dryer"",Iron,""Laptop friendly workspace"",""Self check-in"",Lockbox,""Children‚Äôs books and toys"",""Pack ‚Äôn Play/travel crib"",""Room-darkening shades"",""Hot water"",""Bed linens"",Refrigerator,Dishwasher,""Dishes and silverware"",""Cooking basics"",Oven,Stove,""BBQ grill"",""Patio or balcony"",""Long term stays allowed""}",221,$25.00 ,2,1,198
227964,Bohemian Bungalow in Brunswick,"A harmonious and cosy place, over looking a park in a dead end street. Within walking distance to all the bohemian cultural offerings of Brunswick.",https://www.airbnb.com/rooms/227964,https://a0.muscache.com/im/pictures/2843399/68db9dca_original.jpg?aki_policy=large,1165452,Moreland,"Melbourne, Victoria, Australia",3056,-37.76957,144.97048,Private room,"{Wifi,""Air conditioning"",Kitchen,""Free parking on premises"",Heating,""Family/kid friendly"",Washer,Essentials,Shampoo,Hangers,""Laptop friendly workspace""}",89,$0.00 ,7,1,363
229430,ROOM IN MODERN TOWNHOUSE Melbourne ,No summary,https://www.airbnb.com/rooms/229430,https://a0.muscache.com/im/pictures/2101240/8c551e49_original.jpg?aki_policy=large,1198300,Boroondara,"Melbourne , Victoria, Australia",3123,-37.82995,145.05102,Private room,"{TV,""Cable TV"",Internet,Wifi,""Air conditioning"",Kitchen,""Smoking allowed"",""Buzzer/wireless intercom"",Heating,Washer,Dryer,""Smoke detector"",Essentials}",49,$0.00 ,2,1,0
230790,Clarelee - Belgrave Accommodation,'Clarelee' 5-BR guesthouse $140/room OR $500/whole house. Clarelee is close to Puffing Billy. NOTE: Rooms are BOOKED INDIVIDUALLY. Base rate is for self-catering. $140/room/night  or $500 (whole house)/night plus Aibnb fee. All bedrooms have ensuite. Light breakfast option is an additional $10/room/night,https://www.airbnb.com/rooms/230790,https://a0.muscache.com/im/pictures/2119928/f7455290_original.jpg?aki_policy=large,1197236,Yarra Ranges,"Belgrave, Victoria, Australia",3160,-37.90514,145.35261,Entire home/apt,"{TV,Internet,Wifi,""Air conditioning"",Kitchen,Heating,""Smoke detector"",""Fire extinguisher"",Essentials}",500,$50.00 ,1,1,358
232088,Melbourne 2  Bedrooms 2 Bathrooms FULL Kitchen,CHEAPER than a hotel - room.   A lot more included here. 2 bedrooms 2 full bathrooms and a full kitchen. MONTHLY  2 persons  @ $39 each person per night....     4 persons  @ $32 each person    >>>>>>>>>>>>>>>>>>>>>>>>>>>>>>>>>>>>>>>>>>>>>>>>>>>>>>>>>>>>>> Bedroom 1 (Website hidden by Airbnb) Queen bed   ............................... Bedroom 2 (Website hidden by Airbnb) Double bed and 1 single bed. >>>>>>>>> BOOK IN: AFTER 10am ..................  BOOK OUT 11 am,https://www.airbnb.com/rooms/232088,https://a0.muscache.com/im/pictures/4a2cf991-c2dc-4918-8ac1-1cd129288b4b.jpg?aki_policy=large,1214242,Moreland,"Hadfield, Victoria, Australia",3046,-37.71003,144.95157,Entire home/apt,"{TV,Internet,Wifi,""Air conditioning"",Kitchen,""Free parking on premises"",""Free street parking"",Heating,""Family/kid friendly"",Washer,""Smoke detector"",""Carbon monoxide detector"",""First aid kit"",""Fire extinguisher"",Essentials,Shampoo,""24-hour check-in"",Hangers,""Hair dryer"",Iron,""Laptop friendly workspace"",""Private entrance"",""Room-darkening shades"",""Hot water"",""Bed linens"",""Extra pillows and blankets"",""Ethernet connection"",""Pocket wifi"",Microwave,Refrigerator,""Dishes and silverware"",""Cooking basics"",Stove,""EV charger"",""Single level home"",""BBQ grill"",""Garden or backyard"",""Luggage dropoff allowed"",""Long term stays allowed"",""Cleaning before checkout"",""Wide hallways"",""No stairs or steps to enter"",""Wide entrance for guests"",""Flat path to guest entrance"",""Well-lit path to entrance"",""Disabled parking spot"",""No stairs or steps to enter"",""Wide entrance"",""Extra space around bed"",""Accessible-height bed"",""No stairs or steps to enter"",""Wide doorway to guest bathroom"",""Accessible-height toilet"",""Wide clearance to shower, toilet"",""No stairs or steps to enter"",""Wide entryway"",""Host greets you"",""Handheld shower head""}",78,$25.00 ,4,3,297
232812,Parkland apartment on edge of CBD,Light filled and quirky in a quiet parkland neighbourhood. The apartment is on two levels with a mezzanine floor and high windows on both upper level rooms. The two bathrooms are connected by a shared toilet.  The living room has a large north facing window looking onto the courtyard garden,https://www.airbnb.com/rooms/232812,https://a0.muscache.com/im/pictures/2327222/0ef042a5_original.jpg?aki_policy=large,950667,Melbourne,"Parkville, Victoria, Australia",3052,-37.7857,144.95616,Entire home/apt,"{TV,Internet,Wifi,Kitchen,""Free parking on premises"",Breakfast,Heating,Washer,Dryer,""Smoke detector"",Essentials,Shampoo,Hangers,""Hair dryer"",Iron,""Laptop friendly workspace"",""translation missing: en.hosting_amenity_49"",""translation missing: en.hosting_amenity_50"",""Self check-in"",Keypad,""Hot water""}",190,$60.00 ,2,1,69
240410,Beautifully Appointed Apt - Central,"Our apartment is loved by travellers for its beautifully comfortable bed, with crisp cotton bed linen, its great bathroom with huge walk in shower that people love, and free wifi.  A quick walk to the Queen Vic Markets to stock up on provisions!",https://www.airbnb.com/rooms/240410,https://a0.muscache.com/im/pictures/8984812/14058406_original.jpg?aki_policy=large,1260586,Melbourne,"North Melbourne, Victoria, Australia",3051,-37.80507,144.9519,Entire home/apt,"{TV,Internet,Wifi,""Air conditioning"",Kitchen,""Paid parking off premises"",Heating,""Smoke detector"",""Fire extinguisher"",Essentials,Shampoo,""24-hour check-in"",Hangers,""Hair dryer"",Iron,""Laptop friendly workspace"",""High chair"",Crib,""Hot water"",""Luggage dropoff allowed"",""Wide hallways"",""No stairs or steps to enter"",""Extra space around bed"",""Accessible-height bed"",""No stairs or steps to enter"",Other,""Roll-in shower""}",155,$20.00 ,2,1,318
241263,Cosy retreat with amazing views,"Spacious apartment, in leafy Parkville. Inner city location, across the road from Royal Park golf course. One block from Princes Park with its running track. Enjoy your own sunny room and private bathroom, access to large living area, kitchen & laundry. Short walk to tram and train.",https://www.airbnb.com/rooms/241263,https://a0.muscache.com/im/pictures/764fd64a-4fc1-4a54-9c17-30923cdcd9ee.jpg?aki_policy=large,1345462,Melbourne,"Parkville, Victoria, Australia",3052,-37.78128,144.95618,Private room,"{TV,""Cable TV"",Internet,Wifi,""Air conditioning"",""Wheelchair accessible"",Kitchen,""Free parking on premises"",Elevator,""Buzzer/wireless intercom"",Heating,Washer,""Smoke detector"",""Carbon monoxide detector"",""Fire extinguisher"",Essentials,Shampoo,""24-hour check-in"",Hangers,""Hair dryer"",Iron,""Laptop friendly workspace"",""translation missing: en.hosting_amenity_49"",""translation missing: en.hosting_amenity_50"",""Self check-in"",""Building staff"",""Hot water"",""Bed linens"",""Extra pillows and blankets"",""Luggage dropoff allowed"",""Long term stays allowed"",""Wide hallways"",""No stairs or steps to enter"",""Flat path to guest entrance"",""Well-lit path to entrance"",""No stairs or steps to enter"",""Extra space around bed"",""Accessible-height bed"",""No stairs or steps to enter"",""Accessible-height toilet"",""Wide clearance to shower, toilet"",""No stairs or steps to enter"",""Roll-in shower""}",84,$0.00 ,1,1,344
244872,Cool spot near chapel st!,No summary,https://www.airbnb.com/rooms/244872,https://a0.muscache.com/im/pictures/2316422/9d1424be_original.jpg?aki_policy=large,605990,Stonnington,"Prahran, Victoria, Australia",3181,-37.85077,145.01013,Private room,"{TV,Wifi,""Air conditioning"",Pool,Kitchen,""Free parking on premises"",""Washer / Dryer"",Gym,Breakfast,Heating,""Family/kid friendly"",Washer,Dryer}",73,$0.00 ,1,1,365
244952,Treehouse apartment in Fitzroy,"Spacious, light filled one bedroom apartment in the heart of Fitzroy. The apartment is in a prime location with amazing cafes, restaurants, shops and transport options on your doorstep. Yet it's also very peaceful and quiet and surrounded by trees.",https://www.airbnb.com/rooms/244952,https://a0.muscache.com/im/pictures/99557487/9b904cd7_original.jpg?aki_policy=large,287730,Yarra,"Fitzroy, Victoria, Australia",3065,-37.80403,144.97908,Entire home/apt,"{TV,Internet,Wifi,Kitchen,""Free parking on premises"",Heating,Washer,Dryer,""Smoke detector"",""First aid kit"",Essentials,Hangers,""Hair dryer"",Iron,""translation missing: en.hosting_amenity_49"",""translation missing: en.hosting_amenity_50"",""Private entrance"",""Hot water"",""Bed linens"",""Extra pillows and blankets"",""Ethernet connection"",""Coffee maker"",Refrigerator,""Dishes and silverware"",""Cooking basics"",Oven,Stove,""Patio or balcony"",""Luggage dropoff allowed"",""Long term stays allowed""}",125,$20.00 ,2,1,132
247006,Albert Park: Between St Kilda & CBD - Perfect spot,"King Size bed, selection of pillows, free flowing hot shower, a breakfast to set you up for a great day in Melbourne & wifi  A generous continental breakfast provided including GF options. Melbourne's best kept secret - Albert Park home to Bars, cafes & connected by 3 tram routes to St Kilda, Fitzroy & CBD. Quiet tree lined street just 3 minutes walk to a wide selection of cafes, bars, restaurants.  MSAC, Lake & Beach within 7 mins walk.",https://www.airbnb.com/rooms/247006,https://a0.muscache.com/im/pictures/a82adb4f-7a43-4d23-b0b8-b5a80097557e.jpg?aki_policy=large,538647,Port Phillip,"Albert Park, Victoria, Australia",3206,-37.84506,144.9571,Private room,"{TV,Internet,Wifi,""Air conditioning"",Kitchen,Gym,Breakfast,Heating,Washer,""Smoke detector"",""First aid kit"",Essentials,Shampoo,""24-hour check-in"",Hangers,""Hair dryer"",Iron,""Laptop friendly workspace"",""Self check-in"",Lockbox}",92,$100.00 ,2,1,90
247140,Self Contained Apartment (CBD Edge),No summary,https://www.airbnb.com/rooms/247140,https://a0.muscache.com/im/pictures/12141080/de37b688_original.jpg?aki_policy=large,1296115,Melbourne,"Melbourne, Victoria, Australia",3002,-37.817,144.9767,Entire home/apt,"{TV,Wifi,""Air conditioning"",Pool,Kitchen,""Free parking on premises"",Gym,""Buzzer/wireless intercom"",Heating,""Suitable for events"",Washer,Dryer,Essentials,""24-hour check-in"",Hangers,""Hair dryer"",Iron,""Laptop friendly workspace"",""Self check-in"",Lockbox,""Full kitchen""}",225,$100.00 ,3,1,328
248235,HUGE newly renovated home with pool,"Newly renovated stylish house.  5 bedrooms.  Amazing open plan entertaining space.  Wifi, Netflix, Sonos music all included.  Garden with trampoline  Large pool  Barbecue area Parents retreat with luxurious bathroom and bath overlooking green luscious garden  Kids playroom Bikes  Laundry Central heating and air conditioner",https://www.airbnb.com/rooms/248235,https://a0.muscache.com/im/pictures/4b25cfa1-807d-476f-9c8c-da05f1c3edde.jpg?aki_policy=large,1300846,Glen Eira,"Caulfield North, Victoria, Australia",3161,-37.86392,145.01737,Entire home/apt,"{TV,""Cable TV"",Wifi,""Air conditioning"",Pool,Kitchen,""Free parking on premises"",""Free street parking"",""Hot tub"",Heating,""Family/kid friendly"",Washer,Dryer,""Smoke detector"",Essentials,Hangers,""Hair dryer"",Iron,""Laptop friendly workspace"",""Private living room"",Bathtub,""Children‚Äôs books and toys"",""Babysitter recommendations"",""Room-darkening shades"",""Children‚Äôs dinnerware"",""Game console"",""Hot water"",""Bed linens"",Microwave,""Coffee maker"",Refrigerator,Dishwasher,""Dishes and silverware"",""Cooking basics"",Oven,Stove,""BBQ grill"",""Garden or backyard"",""Wide hallways"",""Wide entrance for guests"",""Well-lit path to entrance"",""Extra space around bed"",""No stairs or steps to enter"",""No stairs or steps to enter"",""Wide entryway"",Other}",419,$20.00 ,5,1,81
252381,Elwood VILLAGE VIBE 1BR+BEACHSIDE+PARKING+WIFI,"LOCATION! LOCATION! LOCATION! ABSOLUTE HEART OF ELWOOD VILLAGE! Fantastic location with local village vibe and famous Elwood beach at your doorstep! Enjoy restaurants, cafes, shopping, grocery stores, bakeries beach, public transport, etc., all just steps away.",https://www.airbnb.com/rooms/252381,https://a0.muscache.com/im/pictures/981f70e6-32c1-4936-be79-ff930fcc0130.jpg?aki_policy=large,50121,Port Phillip,"Elwood, Victoria, Australia",3184,-37.88603,144.98823,Entire home/apt,"{TV,Internet,Wifi,Kitchen,""Free parking on premises"",""Buzzer/wireless intercom"",Heating,""Family/kid friendly"",Washer,Dryer,""Smoke detector"",""First aid kit"",""Fire extinguisher"",Essentials,Shampoo,""24-hour check-in"",Hangers,""Hair dryer"",Iron,""Laptop friendly workspace"",""Self check-in"",Lockbox,""Hot water"",""Bed linens"",""Extra pillows and blankets"",Microwave,""Coffee maker"",Refrigerator,""Dishes and silverware"",""Cooking basics"",Oven,Stove,""Long term stays allowed""}",130,$0.00 ,2,17,155
256186,Collingwood 2 bedrm Warehouse Apt,"Spacious 2 bedroom warehouse apartment with high ceilings in the heart of Collingwood, 1 minute walk to Smith street, trams, supermarket, cafes, restaurants and bars etc. 10 minutes into Melbourne City by tram. Parking available right out front with a parking permit provided.",https://www.airbnb.com/rooms/256186,https://a0.muscache.com/im/pictures/7524302/5ee6ea54_original.jpg?aki_policy=large,1344893,Yarra,"Collingwood, Victoria, Australia",3066,-37.80176,144.98473,Entire home/apt,"{TV,Internet,Wifi,Kitchen,""Free street parking"",Heating,""Family/kid friendly"",Washer,Dryer,""Smoke detector"",""First aid kit"",""Fire extinguisher"",Essentials,Shampoo,""24-hour check-in"",Hangers,""Hair dryer"",Iron,""Laptop friendly workspace"",""Self check-in"",Lockbox,""High chair"",Crib,""Hot water"",""Long term stays allowed""}",120,$25.00 ,7,1,265
257149,Sunny 2BR Melbourne flat 7kms CBD,"Bright, sunny second floor flat in Northcote/Thornbury (a very cool neighbourhood just 7kms from city) with two bedrooms, separate kitchen and light spacious lounge. Just steps away from tram and train to get to CBD in 20 mins. Sleeps up to 5 people.",https://www.airbnb.com/rooms/257149,https://a0.muscache.com/im/pictures/21502548/c99e30ca_original.jpg?aki_policy=large,504534,Darebin,"Thornbury, Victoria, Australia",3071,-37.76294,144.9964,Entire home/apt,"{TV,Internet,Wifi,""Air conditioning"",Kitchen,""Free parking on premises"",""Free street parking"",Heating,""Family/kid friendly"",Washer,Dryer,""Smoke detector"",Essentials,Shampoo,Hangers,""Hair dryer"",Iron,""Laptop friendly workspace"",""Self check-in"",Lockbox,""Hot water"",""Luggage dropoff allowed"",""Long term stays allowed""}",130,$18.00 ,2,1,321
257915,Central Apartments in Melbourne ,No summary,https://www.airbnb.com/rooms/257915,https://a0.muscache.com/im/pictures/2524712/42961012_original.jpg?aki_policy=large,569413,Melbourne,"Southbank, Victoria, Australia",3006,-37.82525,144.96145,Entire home/apt,"{TV,Internet,Wifi,""Air conditioning"",""Wheelchair accessible"",Pool,Kitchen,""Smoking allowed"",Doorman,Gym,Elevator,""Buzzer/wireless intercom"",Heating,""Family/kid friendly"",""Suitable for events"",Washer,Dryer,""Smoke detector"",Essentials,Shampoo}",701,$40.00 ,2,16,342
261558,Victorian terrace in Nth Melbourne close to CBD!,"Victorian terrace near Melbourne CBD, mins walk to Errol St, Queen Vic Market and all Melbourne has to offer; cafes, restaurants, shops, flagstaff gardens, public transport, the list goes on...  A clean & cosy bedroom with ornate fireplace, drawers & BIRs. House features polished floorboards, high ceilings, leading to an open plan living /dining kitchen area, facing rear courtyard. Bathroom with basin, bath, stand up shower and toilet. European style laundry with washing machine.",https://www.airbnb.com/rooms/261558,https://a0.muscache.com/im/pictures/de01a863-1687-4cd0-9d4b-82c481f06d8f.jpg?aki_policy=large,1372143,Melbourne,"North Melbourne, Victoria, Australia",3051,-37.80417,144.95327,Private room,"{TV,Internet,Wifi,Kitchen,""Paid parking off premises"",""Pets live on this property"",Cat(s),""Free street parking"",Heating,Washer,Essentials,Hangers,Iron,""Laptop friendly workspace"",""translation missing: en.hosting_amenity_49"",""translation missing: en.hosting_amenity_50"",Microwave,Refrigerator,""Dishes and silverware"",""Cooking basics"",Oven,Stove,""Single level home"",""Garden or backyard"",""Long term stays allowed""}",89,$55.00 ,2,1,56
263871,In The Heart Of The City- Melbourne,Fully Furnished and includes all utilities and wifi internet.,https://www.airbnb.com/rooms/263871,https://a0.muscache.com/im/pictures/f5ca721f-e096-4863-86f9-96f01a08b54e.jpg?aki_policy=large,1384456,Melbourne,"Melbourne, Victoria, Australia",3000,-37.81695,144.96295,Entire home/apt,"{TV,Internet,Wifi,""Air conditioning"",Kitchen,Elevator,""Buzzer/wireless intercom"",Heating,Washer,Dryer,""Smoke detector"",""Carbon monoxide detector"",""Fire extinguisher"",Essentials,Shampoo,""24-hour check-in"",Hangers,""Hair dryer"",Iron,""Laptop friendly workspace"",""translation missing: en.hosting_amenity_49"",""translation missing: en.hosting_amenity_50"",""Self check-in"",Lockbox}",125,$50.00 ,14,1,321
268525,Home 20mins (CBD) near Box Hill,"Thank you for visiting, I will make you feel like home, and advise what you find interesting, Mt Dandenong, Yarra Valley, Parks, cafes.   Access to the CBD in 20 mins, Mt Dandenlong  in 40mins(for great cafes and hikes), 1.3 hr to Mornington Penis.",https://www.airbnb.com/rooms/268525,https://a0.muscache.com/im/pictures/15093402/d71ea36c_original.jpg?aki_policy=large,1179603,Whitehorse,"Blackburn, Victoria, Australia",3130,-37.8129,145.14081,Private room,"{TV,Internet,Wifi,Kitchen,""Free parking on premises"",Heating,Washer,""Smoke detector"",Essentials,Shampoo,Hangers,""Hair dryer"",Iron,""translation missing: en.hosting_amenity_49""}",40,$20.00 ,50,1,0
268620,nice room ,No summary,https://www.airbnb.com/rooms/268620,https://a0.muscache.com/im/pictures/2683571/11df43a4_original.jpg?aki_policy=large,1407948,Melton,"Caroline Springs, Victoria, Australia",3023,-37.73994,144.73881,Private room,"{Internet,Wifi,""Air conditioning"",Kitchen,""Free parking on premises"",Breakfast,""Pets live on this property"",""Other pet(s)"",Heating,Washer,Dryer,""Smoke detector"",""Fire extinguisher"",Essentials,Shampoo,Hangers,""Hair dryer"",Iron,""Laptop friendly workspace"",""Self check-in"",Lockbox,""Private living room"",""Hot water""}",72,$0.00 ,1,1,365
268849,"Unique, Intimately Styled South Yarra Sanctuary","Kick back on the balcony at a dramatic, contemporary home filled with candles, plants, books, and artwork. Dark and modern with brooding charcoal-grey walls and clean lines, the space has been used for photoshoots and filming.",https://www.airbnb.com/rooms/268849,"https://a0.muscache.com/4ea/air/v2//pictures/a7d168e0-2f15-41fb-902e-e1a2614352ee.jpg?t=r:w1200-h720-sfit,e:fjpg-c85",1408673,Stonnington,"South Yarra, Victoria, Australia",3141,-37.83692,144.99285,Entire home/apt,"{TV,Internet,Wifi,""Air conditioning"",""Wheelchair accessible"",Kitchen,""Free parking on premises"",""Smoking allowed"",Breakfast,Elevator,""Free street parking"",""Buzzer/wireless intercom"",Heating,""Family/kid friendly"",""Suitable for events"",Washer,Dryer,""Smoke detector"",""Carbon monoxide detector"",""First aid kit"",""Fire extinguisher"",Essentials,Shampoo,""24-hour check-in"",Hangers,""Hair dryer"",Iron,""Laptop friendly workspace"",""Self check-in"",Lockbox,""High chair"",""Hot water"",""Body soap"",""Bath towel"",""Toilet paper"",""Bed linens"",""Extra pillows and blankets"",Microwave,""Coffee maker"",Refrigerator,Dishwasher,""Dishes and silverware"",""Cooking basics"",Oven,Stove,""Patio or balcony"",""Long term stays allowed"",""Wide hallways"",""No stairs or steps to enter"",""Wide entrance for guests"",""Flat path to guest entrance"",""Well-lit path to entrance"",""Disabled parking spot"",""No stairs or steps to enter"",""Wide entryway"",Netflix,""Full kitchen"",""Bedroom comforts"",""Bathroom essentials""}",115,$35.00 ,1,2,59
277605,Angelus Retreat @ Mount Dandenong ,"Our homely 2 bedroom cottage is in the heart of Sherbrooke Forrest yet with views to the distant bay and cafes and shops nearby.  Enjoy our pet alpacas, meditate to the sounds of the 2 cascading ponds or take the wombat walk on our 23 acre property. ",https://www.airbnb.com/rooms/277605,https://a0.muscache.com/im/pictures/3093898/3ce553e2_original.jpg?aki_policy=large,1448773,Yarra Ranges,"Menzies Creek, Victoria, Australia",3159,-37.9056,145.39525,Entire home/apt,"{TV,Wifi,""Air conditioning"",""Wheelchair accessible"",Pool,Kitchen,""Free parking on premises"",""Other pet(s)"",""Hot tub"",""Indoor fireplace"",Heating,""Family/kid friendly"",Washer,Dryer,""Smoke detector"",""First aid kit"",""Fire extinguisher"",Essentials,Shampoo,Hangers,""Hair dryer"",Iron}",200,$50.00 ,2,2,365
280698,Elwood SPACIOUS OPEN PLAN EXEC 2BR+PARKING+WIFI+AC,"Large double storey townhouse located in a leafy, quiet, private laneway, right in the heart of Brighton Road Village in Elwood. Literally just steps to restaurants, cafes, pubs, shopping, supermarkets, etc. This location is the perfect base to explore Bayside Melbourne. Trams that whisk you right into Melbourne City Centre a literally right outside the building complex, so super convenient. If you're after space, style and location, this is it!",https://www.airbnb.com/rooms/280698,https://a0.muscache.com/im/pictures/5618706/81596ba0_original.jpg?aki_policy=large,50121,Port Phillip,"Elwood, Victoria, Australia",3184,-37.87384,144.98861,Entire home/apt,"{TV,Internet,Wifi,""Air conditioning"",Kitchen,""Free parking on premises"",""Buzzer/wireless intercom"",Heating,""Family/kid friendly"",Washer,Dryer,""Smoke detector"",""First aid kit"",""Fire extinguisher"",Essentials,Shampoo,""24-hour check-in"",Hangers,""Hair dryer"",Iron,""Laptop friendly workspace"",""Self check-in"",Lockbox,""Hot water"",Microwave,""Coffee maker"",Refrigerator,Dishwasher,""Dishes and silverware"",""Cooking basics"",Oven,Stove,""Long term stays allowed""}",199,$0.00 ,2,17,72
281890,‚ù§Cheerful retreat! 10km from CBD ‚ù§,"Relaxed home away from home!  You will get comfort and privacy within a warm family environment AND all the conveniences of a home with friendly, welcoming hosts. Feel confident & safe in your decision to book with us - with 100+ positive reviews",https://www.airbnb.com/rooms/281890,https://a0.muscache.com/im/pictures/84434565/c2958264_original.jpg?aki_policy=large,397569,Hobsons Bay,"Newport, Victoria, Australia",3015,-37.83694,144.8764,Private room,"{TV,Internet,Wifi,""Air conditioning"",Kitchen,""Free parking on premises"",""Pets live on this property"",Dog(s),Cat(s),Heating,Washer,""Smoke detector"",""First aid kit"",""Safety card"",Essentials,Shampoo,""Lock on bedroom door"",""24-hour check-in"",Hangers,""Hair dryer"",Iron,""Laptop friendly workspace"",""translation missing: en.hosting_amenity_49"",""translation missing: en.hosting_amenity_50""}",50,$20.00 ,2,4,8
283257,sunlit studio down a quiet laneway,"You enter from a quiet heritage laneway, with bluestone stables and architectural remnants from the mid 1800's  through our workshop to the studio. It is three storeys and includes two bathrooms,  three bedrooms, living/kitchen, laundry, verandah and views over the rooftops. Two or three minutes walk to Brunswick, Smith or Gertrude streets. Close to all Fitzroy has to offer, yet peaceful at night.",https://www.airbnb.com/rooms/283257,https://a0.muscache.com/im/pictures/2983211/13ba72af_original.jpg?aki_policy=large,1475619,Yarra,"Fitzroy, Victoria, Australia",3065,-37.8044,144.98213,Entire home/apt,"{TV,Wifi,""Air conditioning"",Kitchen,""Free street parking"",Heating,""Family/kid friendly"",Washer,""Smoke detector"",""Carbon monoxide detector"",""First aid kit"",Essentials,Shampoo,Hangers,""Hair dryer"",Iron,""Laptop friendly workspace"",""Private living room"",""Private entrance"",Bathtub,""Window guards"",Crib,""Room-darkening shades"",""Hot water"",""Bed linens"",""Extra pillows and blankets"",Microwave,""Coffee maker"",Refrigerator,Dishwasher,""Dishes and silverware"",""Cooking basics"",Oven,Stove,""Patio or balcony"",""Garden or backyard"",""Luggage dropoff allowed"",""Long term stays allowed"",""Well-lit path to entrance"",""Host greets you""}",140,$30.00 ,3,1,134
284210,Fitzroyalty - luscious living in the heart of it,"In the heart of Fitzroy, immerse yourself in the Melbournian lifestyle. A stone's throw from everything that Melbourne has to offer.",https://www.airbnb.com/rooms/284210,https://a0.muscache.com/im/pictures/35484592/ba327c0d_original.jpg?aki_policy=large,1480426,Yarra,"Melbourne, Victoria, Australia",3065,-37.7985,144.97883,Entire home/apt,"{TV,""Cable TV"",Wifi,""Air conditioning"",Kitchen,Breakfast,""Free street parking"",Heating,""Family/kid friendly"",""Smoke detector"",""Carbon monoxide detector"",""First aid kit"",""Fire extinguisher"",Essentials,Shampoo,Hangers,""Hair dryer"",Iron,""Laptop friendly workspace"",""Self check-in"",Lockbox,""Private living room"",""Babysitter recommendations"",""Hot water"",""Bed linens"",""Extra pillows and blankets"",""Ethernet connection"",""Luggage dropoff allowed"",""Long term stays allowed"",""Cleaning before checkout""}",145,$25.00 ,4,2,0
288147,LARGE RM ENSUITE NEAR CTY & AIRPORT,This Spacious En-suite bedroom will offer you complete privacy & serenity yet homely. Centrally located in a quite street yet it has a true city experience being only 10min to Melbourne CBD  Dockland via Citilink Close to Moonee Valley Race Track  Flemngton with easy access by car or public transport.  My goal is to provide you with Comfort and Great experience WELCOME!,https://www.airbnb.com/rooms/288147,https://a0.muscache.com/im/pictures/29688159/3fa21f93_original.jpg?aki_policy=large,794442,Moreland,"Pascoe Vale South, Victoria, Australia",3044,-37.73444,144.9356,Private room,"{TV,""Cable TV"",Internet,Wifi,""Air conditioning"",Kitchen,""Free parking on premises"",Breakfast,""Hot tub"",""Indoor fireplace"",Heating,""Family/kid friendly"",Washer,Dryer,""Smoke detector"",Shampoo}",89,$29.00 ,3,4,365
289467,The Suite @ Angelus Retreat,No summary,https://www.airbnb.com/rooms/289467,https://a0.muscache.com/im/pictures/3243110/ace5b282_original.jpg?aki_policy=large,1448773,Yarra Ranges,"Menzies Creek, Victoria, Australia",3159,-37.90546,145.39447,Entire home/apt,"{TV,Internet,Wifi,""Air conditioning"",Pool,Kitchen,""Free parking on premises"",""Hot tub"",""Indoor fireplace"",Heating,Microwave,""Coffee maker"",Refrigerator,""Dishes and silverware"",""Cooking basics"",Stove,""Patio or balcony"",""Garden or backyard""}",249,$60.00 ,2,2,364
297350,"Best, west of Melbourne-Wifi & Spa1","Ask for availability if you want to book multiple rooms. We offer up to 4 private rooms in a brand new house with custom made furniture. The house has 4 living rooms/sitting areas. We have a fully stocked bar, outdoor spa and a gym at your disposal. Free WiFi, BBQ area, Playstation, 4 bicycles and hundreds of dvd's are available to all guests as is our huge kitchen for those who wish to cook up a feast.",https://www.airbnb.com/rooms/297350,https://a0.muscache.com/im/pictures/5888588/037464c5_original.jpg?aki_policy=large,1533260,Brimbank,"Derrimut, Victoria, Australia",3030,-37.78484,144.75625,Private room,"{TV,Internet,Wifi,""Air conditioning"",""Wheelchair accessible"",Kitchen,""Free parking on premises"",""Smoking allowed"",Gym,Breakfast,""Pets live on this property"",Dog(s),""Free street parking"",""Hot tub"",""Buzzer/wireless intercom"",Heating,""Family/kid friendly"",""Suitable for events"",Washer,Dryer,""Smoke detector"",""Carbon monoxide detector"",""First aid kit"",""Safety card"",""Fire extinguisher"",Essentials,Shampoo,""Lock on bedroom door"",Hangers,""Hair dryer"",Iron,""Laptop friendly workspace"",""Self check-in"",Lockbox,""Children‚Äôs books and toys"",""Pack ‚Äôn Play/travel crib"",""Hot water"",""Luggage dropoff allowed"",""Long term stays allowed""}",45,$33.00 ,1,5,360
300679,Comfy room in Oakleigh South Melbourne,"A first floor room in a family home, with private bathroom, toilet and sitting room. 1 minute walk to local bus routes 631 and 824. 3k walk (or 10 minute bus) to train station. Bus direct to Monash university Clayton campus. Approx 40 minute public transport to Melbourne city centre. 5 min walk to supermarket, pharmacy and take away food outlets.",https://www.airbnb.com/rooms/300679,https://a0.muscache.com/im/pictures/51f6afa9-1953-4768-b9c1-c4f1c776e348.jpg?aki_policy=large,1505279,Kingston,"Oakleigh South, Victoria, Australia",3167,-37.94,145.09679,Private room,"{Internet,Wifi,""Air conditioning"",Kitchen,""Free parking on premises"",Breakfast,""Pets live on this property"",""Other pet(s)"",Heating,Washer,Dryer,""Smoke detector"",""Fire extinguisher"",Essentials,Shampoo,Hangers,""Hair dryer"",Iron,""Laptop friendly workspace"",""Self check-in"",Lockbox,""Private living room"",""Hot water""}",33,$15.00 ,2,1,0
307615,Queen BR + Private Bathroom in Huge CBD Apartment,"Truly unique inner-city oasis only one block from Swanston Street, with a comfortable, friendly, older-style  household environment. This is a queen-bed room with a private bathroom in a large 1980s warehouse conversion, with a private garden courtyard and direct street access.   Specialising in medium and longer stays for academics,  students and relocations: we can help you find your find your feet in Melbourne, including assistance and references for finding longer term rental accommodation.",https://www.airbnb.com/rooms/307615,https://a0.muscache.com/im/pictures/3390817/70080249_original.jpg?aki_policy=large,1582716,Melbourne,"Melbourne, Victoria, Australia",3000,-37.80847,144.96606,Private room,"{TV,Internet,Wifi,""Air conditioning"",Kitchen,""Paid parking off premises"",""Pets live on this property"",Dog(s),Heating,Washer,""Smoke detector"",""Carbon monoxide detector"",""First aid kit"",Essentials,Shampoo,Hangers,""Hair dryer"",Iron,""Laptop friendly workspace"",""translation missing: en.hosting_amenity_49"",""translation missing: en.hosting_amenity_50"",""Private living room"",""Private entrance"",""Hot water"",Microwave,""Coffee maker"",Refrigerator,Dishwasher,""Dishes and silverware"",""Cooking basics"",Oven,Stove,""Patio or balcony"",""Garden or backyard"",""Luggage dropoff allowed"",""Long term stays allowed"",""Host greets you""}",75,$20.00 ,1,2,258
307630,Queen-bed Room in Huge CBD Warehouse Apartment,"Truly unique inner-city oasis only one block from Swanston Street, with a comfortable, friendly household environment. This is a queen-bed room in a 3 bedroom, 2.5 bathroom warehouse conversion, with a private garden courtyard and direct street access.  This corner of the CBD is mainly residential and has a unique neighbourhood atmosphere, while being right in the middle of everything the city has to offer.",https://www.airbnb.com/rooms/307630,https://a0.muscache.com/im/pictures/3405609/fa5a7594_original.jpg?aki_policy=large,1582716,Melbourne,"Melbourne, Victoria, Australia",3000,-37.80815,144.96621,Private room,"{TV,Internet,Wifi,""Air conditioning"",Kitchen,""Paid parking off premises"",""Pets live on this property"",Dog(s),Heating,Washer,""Smoke detector"",""Carbon monoxide detector"",""First aid kit"",Essentials,Shampoo,Hangers,""Hair dryer"",Iron,""Laptop friendly workspace"",""translation missing: en.hosting_amenity_49"",""translation missing: en.hosting_amenity_50"",""Private living room"",""Hot water"",""Luggage dropoff allowed"",""Long term stays allowed"",""Host greets you""}",74,$25.00 ,1,2,0
309093,3 Level Loft with Views close to City,"With 6 metre floor to ceiling windows you always feel part of nature. It feels like you are half inside and half outside. The views of the Dandenong Ranges from the top floor provide such peace and tranquility the apartment feels like it is part of an oasis however the location is a 2 minute walk to all the cafes, restaurants and shops you could need and it is a 10min tram ride into the city!",https://www.airbnb.com/rooms/309093,https://a0.muscache.com/im/pictures/7509dab4-18e5-46bc-a80f-80b7100f3a79.jpg?aki_policy=large,1349266,Yarra,"Richmond, Victoria, Australia",3121,-37.81973,145.00078,Entire home/apt,"{TV,Internet,Wifi,""Air conditioning"",Kitchen,""Free parking on premises"",""Buzzer/wireless intercom"",Heating,Washer,Dryer,""Smoke detector"",""Carbon monoxide detector"",Essentials,Shampoo,Hangers,""Hair dryer"",Iron,""Laptop friendly workspace"",""Self check-in"",Lockbox,""Private entrance"",Bathtub,""Full kitchen""}",249,$25.00 ,2,1,189
310594,Cosy nest in vibrant eclectic area,"This is a space to enjoy, a place to come and read a little, dream a little, reflect a little. It is light, quirky, and quiet, only a stones through of the Yarra  river/bush, the Abbotsford Convent Arts Precinct, markets, galleries, music,  bars, restaurants and shops. It has all the convenience of being in the middle of things, but at the same time you can go home and shut the door on it all. This is my home with the trappings of home;  books, space to draw, paint, play and cook.",https://www.airbnb.com/rooms/310594,https://a0.muscache.com/im/pictures/3325374/b01fbd88_original.jpg?aki_policy=large,1597828,Yarra,"Abbotsford, Victoria, Australia",3067,-37.80523,144.99518,Entire home/apt,"{TV,Internet,Wifi,Kitchen,""Pets live on this property"",Dog(s),Heating,Washer,Dryer,""Smoke detector"",""Fire extinguisher"",Essentials,Shampoo,""24-hour check-in"",Hangers,""Hair dryer"",Iron,""Laptop friendly workspace"",""translation missing: en.hosting_amenity_49"",""translation missing: en.hosting_amenity_50"",""Self check-in"",Lockbox,""Private entrance"",""Hot water"",""BBQ grill"",""Patio or balcony"",""Garden or backyard"",""Luggage dropoff allowed""}",125,$0.00 ,2,1,158
313648,"(1) Stylish, East Melb 1bed apt","This freshly renovated, stylish one bedroom apartment is in the heart of East Melbourne on Hotham Street.  It's a short walk to Melbourne's CBD and major attractions, and surrounded by cafes, restaurants, parks and public transport.",https://www.airbnb.com/rooms/313648,https://a0.muscache.com/im/pictures/4261205/4fb94b6a_original.jpg?aki_policy=large,1612516,Melbourne,"East Melbourne, Victoria, Australia",3002,-37.81245,144.98576,Entire home/apt,"{TV,Internet,Wifi,""Air conditioning"",Kitchen,""Free parking on premises"",""Buzzer/wireless intercom"",Heating,""Family/kid friendly"",Washer,""Smoke detector"",Essentials,Shampoo,""24-hour check-in"",Hangers,""Hair dryer"",Iron,""Laptop friendly workspace"",Bathtub,""High chair"",""Pack ‚Äôn Play/travel crib"",""Hot water"",""Bed linens"",""Extra pillows and blankets"",Microwave,Refrigerator,Dishwasher,""Dishes and silverware"",""Cooking basics"",Oven,Stove,""Luggage dropoff allowed"",""Long term stays allowed"",""Host greets you""}",110,$10.00 ,4,5,365
315513,"Best, west of Melbourne-Wifi & spa2","Pricing here is for 1 room,contact us if you want more rooms We offer up to 4 private rooms in a brand new house with custom made furniture. The house has 4 living rooms/sitting areas and is decorated only with artwork we have purchased on our many travels around the world We have a fully stocked bar, outdoor spa and a gym at your disposal. Free WiFi,BBQ area, Playstation,4 bicycles and hundreds of dvd's are available to all guests as is our huge kitchen for those who wish to cook up a feast",https://www.airbnb.com/rooms/315513,https://a0.muscache.com/im/pictures/5060708/29c146b0_original.jpg?aki_policy=large,1533260,Brimbank,"Derrimut, Victoria, Australia",3030,-37.7831,144.75774,Private room,"{TV,Internet,Wifi,""Air conditioning"",Kitchen,""Free parking on premises"",Gym,Breakfast,""Pets live on this property"",Dog(s),""Free street parking"",""Hot tub"",""Buzzer/wireless intercom"",Heating,Washer,Dryer,""Smoke detector"",""Carbon monoxide detector"",""First aid kit"",""Safety card"",""Fire extinguisher"",Essentials,Shampoo,""Lock on bedroom door"",Hangers,""Hair dryer"",Iron,""Laptop friendly workspace"",""Self check-in"",Lockbox,""Pack ‚Äôn Play/travel crib"",""Game console"",""Hot water"",""Bed linens"",""Extra pillows and blankets"",Microwave,""Coffee maker"",Refrigerator,Dishwasher,""Dishes and silverware"",""Cooking basics"",Oven,Stove,""BBQ grill"",""Patio or balcony"",""Garden or backyard"",""Luggage dropoff allowed"",""Long term stays allowed""}",45,$25.00 ,1,5,327
317239,Inner City Home-12 mins by train to Melbourne CBD,"A four bedroom luxury home. Large bedroom, queen size bed, built in robes. Bathroom with shower, bath and toilet. A light filled, clean, open plan, modern home.  Large lounge/living area - light filled and opens to a beautiful garden and deck setting. A modern kitchen, polished floor boards throughout. The nearest bus stop is 60 second walk - takes you to the Yarraville train station in 5 mins then 10 mins to city. Close to Melbourne CBD, Newport Lakes and the Williamstown beach.",https://www.airbnb.com/rooms/317239,https://a0.muscache.com/im/pictures/e73dbc13-389b-43ef-ae8f-b3ef59ea792a.jpg?aki_policy=large,1628602,Hobsons Bay,"South Kingsville, Victoria, Australia",3015,-37.82989,144.87123,Private room,"{TV,Internet,Wifi,Kitchen,Heating,Washer,""Smoke detector"",""Fire extinguisher"",Essentials,Hangers,Iron,""translation missing: en.hosting_amenity_49"",""translation missing: en.hosting_amenity_50""}",159,$10.00 ,3,1,365
317351,**just renovated** Bright & Spacious StKildaEast**,The apartment has just been renovated. Enjoy a fresh and modern look in famous St. Kilda,https://www.airbnb.com/rooms/317351,https://a0.muscache.com/im/pictures/25688157/cf98701b_original.jpg?aki_policy=large,721348,Port Phillip,"St Kilda East, Victoria, Australia",3183,-37.86559,145.00471,Entire home/apt,"{TV,Internet,Wifi,""Air conditioning"",Kitchen,""Free street parking"",""Buzzer/wireless intercom"",Heating,""Family/kid friendly"",Washer,Dryer,""Smoke detector"",Essentials,Hangers,""Hair dryer"",Iron,""Laptop friendly workspace"",""Outlet covers"",Bathtub,""High chair"",""Children‚Äôs books and toys"",""Pack ‚Äôn Play/travel crib"",""Room-darkening shades"",""Hot water"",""Bed linens"",""Extra pillows and blankets"",Microwave,""Coffee maker"",Refrigerator,""Dishes and silverware"",""Cooking basics"",Oven,Stove,""Patio or balcony"",""Long term stays allowed""}",125,$20.00 ,4,2,34
323280,Classic Victorian Armadale Home :) Victorian House,"-Central, close to all amenities and easy going; long and short term It is an energy conscious household- non-smoking , a backyard- heating and cooling (so no private blow heating or cooling -a washing machine(weekly- on a shared load-), washing line ,and utilities only when necessary, slippers to be worn inside please. Please note- that this is my home so live and stay here; therefore , if needing an office the library is nearby for daily use. Many thanks.",https://www.airbnb.com/rooms/323280,https://a0.muscache.com/im/pictures/7659143/e8514348_original.jpg?aki_policy=large,1608157,Stonnington,"Armadale, Victoria, Australia",3143,-37.86171,145.02103,Private room,"{TV,Internet,Wifi,Kitchen,Breakfast,""Free street parking"",Heating,Washer,""Smoke detector"",""First aid kit"",""Fire extinguisher"",Shampoo,""Lock on bedroom door"",Hangers,""Hair dryer"",Iron,""Laptop friendly workspace"",""translation missing: en.hosting_amenity_49"",""Hot water"",""Luggage dropoff allowed"",""Long term stays allowed"",""Host greets you""}",56,$35.00 ,1,3,365
331605,3 Bedroom Apartment MT111,"Spacious 3 bedroom, 2 bathroom apartment in Southbank high rise complex.  Fully equipped with kitchen, laundry and entertainment systems. The building has gym, pool and tennis court. Concierge service from 6am to 10pm and 24 hour security guard. Please note the apartment has flexible bedding, please request if you would like 2 king and 2 single beds or 1 king and 4 single beds upon booking confirmation.",https://www.airbnb.com/rooms/331605,https://a0.muscache.com/im/pictures/8642896/4ca214e2_original.jpg?aki_policy=large,569413,Melbourne,"Southbank, Victoria, Australia",3006,-37.82348,144.9618,Entire home/apt,"{TV,Internet,Wifi,""Air conditioning"",""Wheelchair accessible"",Pool,Kitchen,""Smoking allowed"",Doorman,Gym,Elevator,""Buzzer/wireless intercom"",Heating,""Family/kid friendly"",Washer,Dryer,""Smoke detector"",Essentials,Shampoo,Hangers,""Hair dryer"",Iron,""High chair"",""Hot water"",""Bed linens"",""Extra pillows and blankets"",Microwave,""Coffee maker"",Refrigerator,Dishwasher,""Dishes and silverware"",""Cooking basics"",Oven,Stove,""Patio or balcony"",""Host greets you"",""Paid parking on premises""}",357,$50.00 ,1,16,315
334678,Room + Own Bathroom - 7km from city,"Your own private room and bathroom.   If you love dogs then Sammy my Schnauzer will love you right back. Brand new house on a great street. Minutes from Middle Footscray station - three stops from the city of Melbourne. 7km drive to the city center. Close to shops, restaurants and cafes in walking distance from both Footscray and Seddon.",https://www.airbnb.com/rooms/334678,https://a0.muscache.com/im/pictures/ee85ecfb-d889-46d8-a362-10f202838308.jpg?aki_policy=large,1704562,Maribyrnong,"Footscray, Victoria, Australia",3011,-37.80089,144.89165,Private room,"{TV,Wifi,Kitchen,""Washer / Dryer"",""Pets live on this property"",Cat(s),""Free street parking"",Heating,Washer,Dryer,""Smoke detector"",""First aid kit"",""Fire extinguisher"",Essentials,""Lock on bedroom door"",Hangers,""Hair dryer"",Iron,""Laptop friendly workspace"",""Hot water"",""Bed linens"",""Extra pillows and blankets"",Microwave,""Coffee maker"",Refrigerator,Dishwasher,""Dishes and silverware"",""Cooking basics"",Oven,Stove,""Patio or balcony"",""Host greets you""}",65,$0.00 ,2,1,351
334891,Attractive room in leafy Deepdene,No summary,https://www.airbnb.com/rooms/334891,https://a0.muscache.com/im/pictures/3659011/b6937894_original.jpg?aki_policy=large,1705701,Boroondara,"Balwyn, Victoria, Australia",3103,-37.81285,145.06378,Private room,"{TV,Internet,Wifi,""Air conditioning"",Kitchen,""Free parking on premises"",""Smoking allowed"",""Washer / Dryer"",Breakfast,""Pets live on this property"",Cat(s),""Free street parking"",Heating,Washer,Dryer,""Smoke detector"",Essentials,Shampoo,""Hair dryer"",""Private entrance"",""Hot water"",""Host greets you""}",75,$0.00 ,1,1,365
357740,House in Pristine Coastal Village,"large modern house plenty room close to water the area as plenty of water activities fishing boating, bird watching on the way to Phillip Island .",https://www.airbnb.com/rooms/357740,https://a0.muscache.com/im/pictures/ba27c852-c130-48cf-9c9d-035b3155a3d0.jpg?aki_policy=large,1810523,Casey,"Warneet, Victoria, Australia",3980,-38.22443,145.30893,Shared room,"{TV,Wifi,Kitchen,""Free parking on premises"",Breakfast,Heating,""Family/kid friendly"",Washer,""Smoke detector"",""First aid kit"",""Fire extinguisher"",Essentials,Iron,""Private living room"",""Private entrance"",""Hot water"",""Bed linens"",""Extra pillows and blankets"",""Pocket wifi"",""Host greets you""}",59,$30.00 ,1,1,0
363060,SUNLIT Kitchen/Vegie Garden/CLEAN,No summary,https://www.airbnb.com/rooms/363060,https://a0.muscache.com/im/pictures/4066935/fee13f70_original.jpg?aki_policy=large,1835097,Wyndham,"Truganina, Victoria, Australia",3029,-37.84545,144.71638,Private room,"{TV,Internet,Wifi,Kitchen,""Free parking on premises"",Heating,""Suitable for events"",Washer}",71,$25.00 ,3,1,365
363278,Fitzroy: Tiny stone cottage,No summary,https://www.airbnb.com/rooms/363278,https://a0.muscache.com/im/pictures/9699550/e7612718_original.jpg?aki_policy=large,1835785,Yarra,"Fitzroy, Victoria, Australia",3065,-37.80256,144.98281,Private room,"{TV,Internet,Wifi,Kitchen,""Pets allowed"",Breakfast,""Pets live on this property"",Dog(s),Cat(s),""Free street parking"",""Indoor fireplace"",Heating,Washer,Dryer,Essentials,Shampoo,""Hair dryer"",Iron,""Laptop friendly workspace"",""Hot water"",Microwave,Refrigerator,""Dishes and silverware"",""Cooking basics"",Oven,Stove,""EV charger"",""Single level home"",""Garden or backyard"",""Luggage dropoff allowed"",""No stairs or steps to enter"",""Flat path to guest entrance"",""Well-lit path to entrance"",""No stairs or steps to enter"",""No stairs or steps to enter"",""No stairs or steps to enter"",""Host greets you""}",71,$0.00 ,1,1,362
365832,ST KILDA EAST EXCEPTIONAL LARGE STUNNING HOME,"ENTIRE HOME  $350 per night 28 Dec - 18 Jan Stylish, larger than most & secure.  2 story townhouse, 2 lge, light queen bedrms, private & spacious.  Lge sunny deck upstairs with bbq, daybed and 6 seater dining setting & umbrella.  2 mins walk from creative vibe of Carlisle St, all transport, cafes, music, international cuisines, close to beaches, markets, Melbourne CBD.  Max 5 people capacity entire house, or 2 for 1 bedrm.",https://www.airbnb.com/rooms/365832,https://a0.muscache.com/im/pictures/7823676/f9102822_original.jpg?aki_policy=large,1847357,Port Phillip,"Balaclava, Victoria, Australia",3183,-37.86711,144.99383,Entire home/apt,"{TV,Internet,Wifi,""Air conditioning"",Kitchen,""Free parking on premises"",""Smoking allowed"",""Buzzer/wireless intercom"",Heating,""Family/kid friendly"",Washer,Dryer,""Smoke detector"",""First aid kit"",Essentials,Shampoo,""24-hour check-in"",Hangers,""Hair dryer"",Iron,""Laptop friendly workspace"",""Bed linens"",""Extra pillows and blankets"",Microwave,""Coffee maker"",Refrigerator,Dishwasher,""Dishes and silverware"",""Cooking basics"",Oven,Stove,""BBQ grill"",""Patio or balcony"",""Luggage dropoff allowed"",""Long term stays allowed"",""Wide hallways"",""Well-lit path to entrance"",""No stairs or steps to enter"",""Extra space around bed"",""Accessible-height bed"",""No stairs or steps to enter""}",330,$10.00 ,1,1,364